ident,abbrev,regfocus,exposure,country,year,conflict_of_interest,governance_and_oversight,investment_compliance,code_of_ethics,sales_and_marketing_practices,composite
AFG_2005,AFG,1,98000000,Afghanistan,2005,1,2,1,4,2,10
AFG_2006,AFG,1,97000000,Afghanistan,2006,1,3,2,5,2,13
AFG_2007,AFG,1,96000000,Afghanistan,2007,2,4,3,4,3,16
AFG_2008,AFG,1,95000000,Afghanistan,2008,3,4,4,3,4,18
AFG_2009,AFG,1,96000000,Afghanistan,2009,3,4,5,4,5,21
AFG_2010,AFG,2,97000000,Afghanistan,2010,3,4,6,5,6,24
AFG_2011,AFG,2,97000000,Afghanistan,2011,3,5,6,4,6,24
AFG_2012,AFG,2,97000000,Afghanistan,2012,4,6,6,5,7,28
ALB_2005,ALB,2,16212523,Albania,2005,1,3,2,4,2,12
ALB_2006,ALB,3,17212523,Albania,2006,1,3,2,3,3,12
ALB_2007,ALB,4,18212523,Albania,2007,1,4,3,4,4,16
ALB_2008,ALB,3,19212523,Albania,2008,1,5,3,3,4,16
ALB_2009,ALB,4,18212523,Albania,2009,1,6,3,4,5,19
ALB_2010,ALB,5,17212523,Albania,2010,2,6,3,5,5,21
ALB_2011,ALB,6,18212523,Albania,2011,3,6,3,4,5,21
ALB_2012,ALB,7,14359252,Albania,2012,4,7,4,3,5,23
DZA_2005,DZA,1,60879301,Algeria,2005,2,2,1,4,2,11
DZA_2006,DZA,1,59879301,Algeria,2006,3,3,2,5,2,15
DZA_2007,DZA,2,60879301,Algeria,2007,3,4,3,6,3,19
DZA_2008,DZA,1,59879301,Algeria,2008,4,4,4,5,3,20
DZA_2009,DZA,1,58879301,Algeria,2009,5,4,4,6,4,23
DZA_2010,DZA,1,59879301,Algeria,2010,5,5,5,5,5,25
DZA_2011,DZA,1,60879301,Algeria,2011,6,5,6,4,6,27
DZA_2012,DZA,6,16868431,Algeria,2012,7,5,6,3,6,27
AGO_2005,AGO,6,13359252,Angola,2005,1,3,1,4,2,11
AGO_2006,AGO,5,14359252,Angola,2006,1,4,2,5,2,14
AGO_2007,AGO,6,15359252,Angola,2007,1,5,2,4,2,14
AGO_2008,AGO,7,16359252,Angola,2008,2,6,2,3,3,16
AGO_2009,AGO,8,15359252,Angola,2009,3,7,3,2,3,18
AGO_2010,AGO,7,16359252,Angola,2010,3,7,4,1,3,18
AGO_2011,AGO,8,15359252,Angola,2011,4,8,5,2,3,22
AGO_2011,AGO,1,98000000,Angola,2011,5,8,6,3,4,26
ATA_2005,ATA,7,92993946,Antarctica,2005,2,3,2,4,1,12
ATA_2006,ATA,8,93993946,Antarctica,2006,2,3,2,5,1,13
ATA_2007,ATA,7,94993946,Antarctica,2007,2,4,2,6,2,16
ATA_2008,ATA,6,95993946,Antarctica,2008,3,5,2,5,2,17
ATA_2009,ATA,5,96993946,Antarctica,2009,4,6,3,6,2,21
ATA_2010,ATA,4,97993946,Antarctica,2010,5,7,4,7,2,25
ATA_2011,ATA,3,96993946,Antarctica,2011,6,8,4,8,3,29
ATA_2012,ATA,5,98000000,Antarctica,2012,7,9,5,9,3,33
ARG_2005,ARG,7,78223193,Argentina,2005,1,2,1,4,1,9
ARG_2006,ARG,6,79223193,Argentina,2006,1,2,2,3,2,10
ARG_2007,ARG,5,78223193,Argentina,2007,2,2,3,4,3,14
ARG_2008,ARG,4,77223193,Argentina,2008,2,2,4,5,4,17
ARG_2009,ARG,5,76223193,Argentina,2009,3,2,4,6,4,19
ARG_2010,ARG,6,77223193,Argentina,2010,3,3,5,5,5,21
ARG_2011,ARG,5,78223193,Argentina,2011,3,3,5,4,6,21
ARG_2012,ARG,9,51122830,Argentina,2012,4,3,5,3,7,22
ARM_2005,ARM,6,99000000,Armenia,2005,1,3,2,4,1,11
ARM_2006,ARM,7,98000000,Armenia,2006,2,4,2,3,1,12
ARM_2007,ARM,6,97000000,Armenia,2007,3,5,3,2,1,14
ARM_2008,ARM,5,98000000,Armenia,2008,3,6,4,3,2,18
ARM_2009,ARM,4,97000000,Armenia,2009,3,6,5,4,2,20
ARM_2010,ARM,3,98000000,Armenia,2010,4,7,5,5,2,23
ARM_2011,ARM,4,99000000,Armenia,2011,5,7,6,4,3,25
ARM_2012,ARM,6,77223193,Armenia,2012,5,7,7,5,4,28
AUS_2005,AUS,8,81147823,Australia,2005,1,3,1,4,1,10
AUS_2006,AUS,9,80147823,Australia,2006,1,3,1,3,2,10
AUS_2007,AUS,9,81147823,Australia,2007,1,3,1,2,2,9
AUS_2008,AUS,8,82147823,Australia,2008,1,3,1,1,3,9
AUS_2009,AUS,7,83147823,Australia,2009,1,4,1,2,4,12
AUS_2010,AUS,6,84147823,Australia,2010,2,5,2,1,4,14
AUS_2011,AUS,5,83147823,Australia,2011,2,6,2,2,4,16
AUS_2012,AUS,1,9636703,Australia,2012,2,7,2,1,4,16
AUT_2005,AUT,1,74667934,Austria,2005,1,2,1,4,1,9
AUT_2006,AUT,2,73667934,Austria,2006,1,3,1,5,2,12
AUT_2007,AUT,1,74667934,Austria,2007,2,4,1,6,3,16
AUT_2008,AUT,1,73667934,Austria,2008,3,4,1,5,4,17
AUT_2009,AUT,1,74667934,Austria,2009,4,4,1,4,5,18
AUT_2010,AUT,1,75667934,Austria,2010,4,4,2,3,5,18
AUT_2011,AUT,2,74667934,Austria,2011,4,5,2,4,6,21
AUT_2012,AUT,4,84147823,Austria,2012,5,6,3,5,6,25
AZE_2005,AZE,9,97416385,Azerbaijan,2005,2,2,1,4,2,11
AZE_2006,AZE,9,96416385,Azerbaijan,2006,2,2,1,5,2,12
AZE_2007,AZE,9,95416385,Azerbaijan,2007,3,2,1,4,2,12
AZE_2008,AZE,8,96416385,Azerbaijan,2008,4,2,2,5,2,15
AZE_2009,AZE,9,97416385,Azerbaijan,2009,4,3,3,4,2,16
AZE_2010,AZE,8,98416385,Azerbaijan,2010,5,4,4,5,2,20
AZE_2011,AZE,7,99416385,Azerbaijan,2011,5,4,5,6,2,22
AZE_2012,AZE,1,75667934,Azerbaijan,2012,6,4,6,5,2,23
BGD_2005,BGD,2,6441054,Bangladesh,2005,1,2,2,4,1,10
BGD_2006,BGD,3,7441054,Bangladesh,2006,1,2,3,3,2,11
BGD_2007,BGD,2,6441054,Bangladesh,2007,1,2,4,2,2,11
BGD_2008,BGD,3,7441054,Bangladesh,2008,1,2,5,3,2,13
BGD_2009,BGD,2,8441054,Bangladesh,2009,2,3,6,4,2,17
BGD_2010,BGD,1,7441054,Bangladesh,2010,3,3,6,3,3,18
BGD_2011,BGD,1,6441054,Bangladesh,2011,3,4,6,4,3,20
BGD_2012,BGD,1,39405396,Bangladesh,2012,3,4,6,5,3,21
BLR_2005,BLR,4,90208891,Belarus,2005,2,3,2,4,1,12
BLR_2006,BLR,5,89208891,Belarus,2006,2,4,2,3,2,13
BLR_2007,BLR,4,90208891,Belarus,2007,2,5,3,4,2,16
BLR_2008,BLR,3,91208891,Belarus,2008,2,6,4,5,3,20
BLR_2009,BLR,2,90208891,Belarus,2009,3,7,4,6,3,23
BLR_2010,BLR,1,89208891,Belarus,2010,3,8,4,7,3,25
BLR_2011,BLR,2,88208891,Belarus,2011,4,9,5,8,4,30
BLR_2012,BLR,3,84282603,Belarus,2012,4,9,6,7,5,31
BEL_2005,BEL,9,68874736,Belgium,2005,1,3,2,4,1,11
BEL_2006,BEL,8,67874736,Belgium,2006,1,3,3,3,1,11
BEL_2007,BEL,7,66874736,Belgium,2007,1,3,3,2,1,10
BEL_2008,BEL,6,65874736,Belgium,2008,1,3,3,3,2,12
BEL_2009,BEL,5,66874736,Belgium,2009,1,3,3,2,3,12
BEL_2010,BEL,4,65874736,Belgium,2010,1,3,4,1,3,12
BEL_2011,BEL,5,64874736,Belgium,2011,1,4,4,1,4,14
BEL_2012,BEL,3,56747630,Belgium,2012,2,4,5,1,4,16
BLZ_2005,BLZ,1,29036127,Belize,2005,1,3,1,4,1,10
BLZ_2006,BLZ,2,30036127,Belize,2006,1,4,1,5,2,13
BLZ_2007,BLZ,3,31036127,Belize,2007,1,5,1,4,3,14
BLZ_2008,BLZ,4,30036127,Belize,2008,2,6,2,5,4,19
BLZ_2009,BLZ,3,29036127,Belize,2009,3,7,2,6,4,22
BLZ_2010,BLZ,4,28036127,Belize,2010,4,8,2,5,5,24
BLZ_2011,BLZ,5,29036127,Belize,2011,4,8,3,6,6,27
BLZ_2012,BLZ,1,89208891,Belize,2012,5,8,3,7,6,29
BEN_2005,BEN,1,55423769,Benin,2005,2,2,2,4,1,11
BEN_2006,BEN,2,56423769,Benin,2006,3,2,2,5,2,14
BEN_2007,BEN,3,55423769,Benin,2007,3,2,2,4,2,13
BEN_2008,BEN,4,54423769,Benin,2008,4,3,2,3,2,14
BEN_2009,BEN,5,53423769,Benin,2009,5,4,2,4,2,17
BEN_2010,BEN,4,52423769,Benin,2010,5,4,2,3,3,17
BEN_2011,BEN,5,53423769,Benin,2011,6,4,2,2,3,17
BEN_2012,BEN,4,65874736,Benin,2012,7,5,3,1,4,20
BTN_2005,BTN,3,2000000,Bhutan,2005,1,2,2,4,2,11
BTN_2006,BTN,2,1000000,Bhutan,2006,1,2,2,5,3,13
BTN_2007,BTN,1,1000000,Bhutan,2007,1,3,3,4,3,14
BTN_2008,BTN,1,1000000,Bhutan,2008,2,3,4,3,3,15
BTN_2009,BTN,2,2000000,Bhutan,2009,2,3,4,4,3,16
BTN_2010,BTN,3,1000000,Bhutan,2010,2,3,4,3,4,16
BTN_2011,BTN,4,2000000,Bhutan,2011,3,4,4,2,5,18
BTN_2012,BTN,6,100000000,Bhutan,2012,3,5,4,1,5,18
BOL_2005,BOL,3,63518296,Bolivia,2005,2,2,1,4,1,10
BOL_2006,BOL,4,62518296,Bolivia,2006,3,3,1,5,1,13
BOL_2007,BOL,3,63518296,Bolivia,2007,3,4,2,6,1,16
BOL_2008,BOL,2,64518296,Bolivia,2008,4,5,2,7,2,20
BOL_2009,BOL,1,63518296,Bolivia,2009,4,5,2,8,3,22
BOL_2010,BOL,1,64518296,Bolivia,2010,5,5,2,9,3,24
BOL_2011,BOL,2,65518296,Bolivia,2011,6,6,2,8,4,26
BOL_2012,BOL,6,30036127,Bolivia,2012,6,6,3,9,5,29
BIH_2005,BIH,6,81282603,Bosnia and Herzegovina,2005,1,3,2,4,1,11
BIH_2006,BIH,5,82282603,Bosnia and Herzegovina,2006,1,4,2,5,1,13
BIH_2007,BIH,4,83282603,Bosnia and Herzegovina,2007,1,5,2,4,2,14
BIH_2008,BIH,3,82282603,Bosnia and Herzegovina,2008,1,6,2,3,2,14
BIH_2009,BIH,2,83282603,Bosnia and Herzegovina,2009,2,6,2,2,3,15
BIH_2010,BIH,3,84282603,Bosnia and Herzegovina,2010,2,7,2,3,3,17
BIH_2011,BIH,4,83282603,Bosnia and Herzegovina,2011,3,8,2,2,4,19
BIH_2012,BIH,3,89863775,Bosnia and Herzegovina,2012,3,9,2,3,4,21
BWA_2005,BWA,5,94772901,Botswana,2005,1,3,2,4,2,12
BWA_2006,BWA,6,95772901,Botswana,2006,2,4,3,3,3,15
BWA_2007,BWA,7,96772901,Botswana,2007,2,5,3,2,4,16
BWA_2008,BWA,8,97772901,Botswana,2008,2,5,4,3,5,19
BWA_2009,BWA,7,96772901,Botswana,2009,3,6,4,4,5,22
BWA_2010,BWA,6,95772901,Botswana,2010,3,6,5,5,5,24
BWA_2011,BWA,5,94772901,Botswana,2011,3,7,6,4,5,25
BWA_2012,BWA,5,1000000,Botswana,2012,4,7,7,3,5,26
BRA_2005,BRA,3,49842779,Brazil,2005,1,3,1,4,1,10
BRA_2006,BRA,2,48842779,Brazil,2006,2,3,2,5,2,14
BRA_2007,BRA,1,49842779,Brazil,2007,2,3,2,4,3,14
BRA_2008,BRA,2,50842779,Brazil,2008,3,3,2,5,4,17
BRA_2009,BRA,1,51842779,Brazil,2009,4,4,3,4,4,19
BRA_2010,BRA,1,52842779,Brazil,2010,4,5,4,5,4,22
BRA_2011,BRA,1,51842779,Brazil,2011,4,5,5,4,4,22
BRA_2012,BRA,1,64518296,Brazil,2012,5,6,5,5,5,26
BRN_2005,BRN,7,100000000,Brunei,2005,2,2,2,4,1,11
BRN_2006,BRN,6,100000000,Brunei,2006,2,2,3,5,1,13
BRN_2007,BRN,7,99000000,Brunei,2007,2,2,3,6,1,14
BRN_2008,BRN,6,100000000,Brunei,2008,3,2,3,5,2,15
BRN_2009,BRN,5,100000000,Brunei,2009,4,2,4,6,3,19
BRN_2010,BRN,4,100000000,Brunei,2010,5,2,4,7,4,22
BRN_2011,BRN,5,100000000,Brunei,2011,6,3,4,6,4,23
BRN_2012,BRN,1,50842779,Brunei,2012,7,3,4,7,5,26
BGR_2005,BGR,9,11207901,Bulgaria,2005,2,3,1,4,2,12
BGR_2006,BGR,9,12207901,Bulgaria,2006,2,4,2,5,2,15
BGR_2007,BGR,9,13207901,Bulgaria,2007,2,4,2,4,2,14
BGR_2008,BGR,8,14207901,Bulgaria,2008,2,5,3,5,3,18
BGR_2009,BGR,9,15207901,Bulgaria,2009,3,6,3,4,4,20
BGR_2010,BGR,9,16207901,Bulgaria,2010,4,6,3,3,5,21
BGR_2011,BGR,8,17207901,Bulgaria,2011,5,6,4,4,6,25
BGR_2012,BGR,1,5441054,Bulgaria,2012,5,7,4,5,7,28
BFA_2005,BFA,4,42405396,Burkina Faso,2005,1,3,1,4,2,11
BFA_2006,BFA,3,43405396,Burkina Faso,2006,1,3,2,5,2,13
BFA_2007,BFA,2,42405396,Burkina Faso,2007,2,3,3,4,3,15
BFA_2008,BFA,1,41405396,Burkina Faso,2008,2,3,3,5,4,17
BFA_2009,BFA,2,40405396,Burkina Faso,2009,2,3,4,6,5,20
BFA_2010,BFA,1,39405396,Burkina Faso,2010,3,3,4,7,5,22
BFA_2011,BFA,1,40405396,Burkina Faso,2011,4,3,5,8,6,26
BFA_2012,BFA,6,54423769,Burkina Faso,2012,5,4,6,9,6,30
BDI_2005,BDI,2,57747630,Burundi,2005,1,3,1,4,1,10
BDI_2006,BDI,3,56747630,Burundi,2006,2,4,2,5,1,14
BDI_2007,BDI,2,55747630,Burundi,2007,2,5,2,6,1,16
BDI_2008,BDI,3,54747630,Burundi,2008,2,5,3,7,2,19
BDI_2009,BDI,4,55747630,Burundi,2009,3,6,3,6,2,20
BDI_2010,BDI,5,56747630,Burundi,2010,3,6,3,5,2,19
BDI_2011,BDI,4,55747630,Burundi,2011,4,7,3,6,3,23
BDI_2012,BDI,6,98416385,Burundi,2012,5,8,4,5,4,26
KHM_2005,KHM,1,14382883,Cambodia,2005,1,2,1,4,2,10
KHM_2006,KHM,2,13382883,Cambodia,2006,2,2,1,5,3,13
KHM_2007,KHM,3,14382883,Cambodia,2007,2,2,1,4,3,12
KHM_2008,KHM,4,13382883,Cambodia,2008,3,3,2,3,3,14
KHM_2009,KHM,5,12382883,Cambodia,2009,4,4,3,4,3,18
KHM_2010,KHM,6,13382883,Cambodia,2010,4,5,3,3,4,19
KHM_2011,KHM,5,12382883,Cambodia,2011,4,6,4,4,5,23
KHM_2012,KHM,7,1567553,Cambodia,2012,5,6,5,5,6,27
CMR_2005,CMR,7,14064436,Cameroon,2005,1,2,2,4,2,11
CMR_2006,CMR,6,13064436,Cameroon,2006,1,3,2,5,2,13
CMR_2007,CMR,7,14064436,Cameroon,2007,2,3,3,4,3,15
CMR_2008,CMR,8,15064436,Cameroon,2008,3,4,4,5,4,20
CMR_2009,CMR,9,14064436,Cameroon,2009,3,5,4,4,4,20
CMR_2010,CMR,8,13064436,Cameroon,2010,4,5,5,5,4,23
CMR_2011,CMR,7,12064436,Cameroon,2011,4,6,6,6,4,26
CMR_2012,CMR,9,74450266,Cameroon,2012,5,6,6,7,4,28
CAN_2005,CAN,3,61813518,Canada,2005,2,3,2,4,1,12
CAN_2006,CAN,2,60813518,Canada,2006,2,3,2,3,1,11
CAN_2007,CAN,3,59813518,Canada,2007,3,4,2,2,1,12
CAN_2008,CAN,4,58813518,Canada,2008,4,4,3,1,2,14
CAN_2009,CAN,5,59813518,Canada,2009,5,4,3,1,3,16
CAN_2010,CAN,6,58813518,Canada,2010,6,5,3,2,4,20
CAN_2011,CAN,5,59813518,Canada,2011,6,5,4,1,5,21
CAN_2012,CAN,1,66588516,Canada,2012,6,5,4,2,6,23
CAF_2005,CAF,1,61588516,Central African Republic,2005,2,3,2,4,2,13
CAF_2006,CAF,2,60588516,Central African Republic,2006,2,3,3,3,2,13
CAF_2007,CAF,1,61588516,Central African Republic,2007,3,3,3,2,2,13
CAF_2008,CAF,1,62588516,Central African Republic,2008,3,4,4,1,2,14
CAF_2009,CAF,1,63588516,Central African Republic,2009,3,4,4,2,2,15
CAF_2010,CAF,2,64588516,Central African Republic,2010,3,5,4,1,2,15
CAF_2011,CAF,1,65588516,Central African Republic,2011,4,5,4,1,3,17
CAF_2012,CAF,6,95772901,Central African Republic,2012,4,6,4,1,4,19
TCD_2005,TCD,2,47617486,Chad,2005,1,3,2,4,2,12
TCD_2006,TCD,3,48617486,Chad,2006,2,4,2,3,2,13
TCD_2007,TCD,2,47617486,Chad,2007,2,4,3,2,2,13
TCD_2008,TCD,3,48617486,Chad,2008,3,4,4,1,3,15
TCD_2009,TCD,4,47617486,Chad,2009,4,4,4,2,3,17
TCD_2010,TCD,3,48617486,Chad,2010,4,5,4,1,4,18
TCD_2011,TCD,4,49617486,Chad,2011,5,5,4,2,4,20
TCD_2012,TCD,6,79686422,Chad,2012,6,6,5,3,4,24
CHL_2005,CHL,3,51696061,Chile,2005,2,2,1,4,2,11
CHL_2006,CHL,2,50696061,Chile,2006,3,3,1,5,3,15
CHL_2007,CHL,3,51696061,Chile,2007,4,3,2,6,4,19
CHL_2008,CHL,4,50696061,Chile,2008,4,3,3,5,4,19
CHL_2009,CHL,5,51696061,Chile,2009,4,3,4,6,5,22
CHL_2010,CHL,4,52696061,Chile,2010,5,4,5,7,5,26
CHL_2011,CHL,5,51696061,Chile,2011,6,4,5,6,6,27
CHL_2012,CHL,9,22302498,Chile,2012,6,5,6,7,6,30
CHN_2005,CHN,6,21036166,China,2005,1,2,2,4,2,11
CHN_2006,CHN,5,22036166,China,2006,2,3,3,5,3,16
CHN_2007,CHN,6,23036166,China,2007,2,4,4,6,4,20
CHN_2008,CHN,7,22036166,China,2008,3,4,4,5,4,20
CHN_2009,CHN,8,21036166,China,2009,4,5,4,4,4,21
CHN_2010,CHN,7,22036166,China,2010,4,5,5,5,5,24
CHN_2011,CHN,6,23036166,China,2011,5,5,6,4,5,25
CHN_2012,CHN,6,50696061,China,2012,5,5,7,3,6,26
COL_2005,COL,3,92740687,Colombia,2005,2,3,2,4,1,12
COL_2006,COL,4,91740687,Colombia,2006,2,3,2,5,1,13
COL_2007,COL,3,90740687,Colombia,2007,3,4,3,6,2,18
COL_2008,COL,2,91740687,Colombia,2008,3,5,4,7,2,21
COL_2009,COL,3,92740687,Colombia,2009,4,5,4,8,3,24
COL_2010,COL,2,91740687,Colombia,2010,5,6,4,9,3,27
COL_2011,COL,1,92740687,Colombia,2011,6,7,5,8,4,30
COL_2012,COL,5,23506571,Colombia,2012,7,7,6,7,4,31
CRI_2005,CRI,6,89283406,Costa Rica,2005,2,2,2,4,1,11
CRI_2006,CRI,5,88283406,Costa Rica,2006,3,2,2,3,1,11
CRI_2007,CRI,4,87283406,Costa Rica,2007,3,2,2,4,2,13
CRI_2008,CRI,3,88283406,Costa Rica,2008,3,2,3,5,3,16
CRI_2009,CRI,4,89283406,Costa Rica,2009,3,2,3,4,3,15
CRI_2010,CRI,5,90283406,Costa Rica,2010,4,2,4,3,3,16
CRI_2011,CRI,6,89283406,Costa Rica,2011,4,2,4,4,3,17
CRI_2012,CRI,1,93740687,Costa Rica,2012,4,2,5,3,3,17
HRV_2005,HRV,7,18036853,Croatia,2005,1,2,1,4,1,9
HRV_2006,HRV,6,17036853,Croatia,2006,2,2,2,5,1,12
HRV_2007,HRV,7,18036853,Croatia,2007,3,3,2,6,1,15
HRV_2008,HRV,6,19036853,Croatia,2008,3,3,2,5,2,15
HRV_2009,HRV,5,18036853,Croatia,2009,3,4,3,4,2,16
HRV_2010,HRV,6,17036853,Croatia,2010,3,5,3,3,3,17
HRV_2011,HRV,5,16036853,Croatia,2011,3,6,3,4,3,19
HRV_2012,HRV,1,40992134,Croatia,2012,4,6,4,3,3,20
CUB_2005,CUB,7,35310552,Cuba,2005,1,2,2,4,2,11
CUB_2006,CUB,6,34310552,Cuba,2006,1,3,3,3,2,12
CUB_2007,CUB,5,33310552,Cuba,2007,1,3,3,4,3,14
CUB_2008,CUB,4,34310552,Cuba,2008,1,4,3,3,3,14
CUB_2009,CUB,5,33310552,Cuba,2009,1,5,4,2,4,16
CUB_2010,CUB,6,34310552,Cuba,2010,2,5,4,3,5,19
CUB_2011,CUB,5,33310552,Cuba,2011,3,5,5,2,6,21
CUB_2012,CUB,5,90283406,Cuba,2012,4,5,5,3,6,23
CYP_2005,CYP,5,100000000,Cyprus,2005,2,2,2,4,1,11
CYP_2006,CYP,4,100000000,Cyprus,2006,3,2,2,5,1,13
CYP_2007,CYP,3,99000000,Cyprus,2007,4,2,2,6,2,16
CYP_2008,CYP,2,100000000,Cyprus,2008,4,3,3,5,2,17
CYP_2009,CYP,3,99000000,Cyprus,2009,4,4,3,6,3,20
CYP_2010,CYP,4,98000000,Cyprus,2010,4,5,3,5,4,21
CYP_2011,CYP,3,97000000,Cyprus,2011,4,6,3,6,4,23
CYP_2012,CYP,1,66361200,Cyprus,2012,5,7,3,7,5,27
CZE_2005,CZE,5,43682129,Czech Republic,2005,1,2,2,4,1,10
CZE_2006,CZE,4,42682129,Czech Republic,2006,1,2,2,3,2,10
CZE_2007,CZE,3,43682129,Czech Republic,2007,1,3,3,4,3,14
CZE_2008,CZE,2,42682129,Czech Republic,2008,2,3,4,5,3,17
CZE_2009,CZE,3,43682129,Czech Republic,2009,3,4,5,6,3,21
CZE_2010,CZE,4,44682129,Czech Republic,2010,4,5,5,7,3,24
CZE_2011,CZE,5,45682129,Czech Republic,2011,4,5,6,6,4,25
CZE_2012,CZE,2,98000000,Czech Republic,2012,4,6,6,7,4,27
COD_2005,COD,1,77752619,Democratic Republic of the Congo,2005,1,3,1,4,2,11
COD_2006,COD,2,76752619,Democratic Republic of the Congo,2006,1,3,1,3,3,11
COD_2007,COD,1,77752619,Democratic Republic of the Congo,2007,2,3,2,2,4,13
COD_2008,COD,1,78752619,Democratic Republic of the Congo,2008,2,4,3,1,4,14
COD_2009,COD,2,77752619,Democratic Republic of the Congo,2009,3,5,3,2,5,18
COD_2010,COD,1,76752619,Democratic Republic of the Congo,2010,3,6,3,1,5,18
COD_2011,COD,2,75752619,Democratic Republic of the Congo,2011,4,6,3,1,5,19
COD_2012,COD,6,13064436,Democratic Republic of the Congo,2012,4,6,3,2,5,20
DNK_2005,DNK,2,50153675,Denmark,2005,1,2,2,4,1,10
DNK_2006,DNK,1,49153675,Denmark,2006,2,3,2,3,1,11
DNK_2007,DNK,2,48153675,Denmark,2007,3,3,2,4,2,14
DNK_2008,DNK,3,49153675,Denmark,2008,4,3,3,5,3,18
DNK_2009,DNK,4,50153675,Denmark,2009,5,4,3,6,3,21
DNK_2010,DNK,5,51153675,Denmark,2010,6,4,4,5,4,23
DNK_2011,DNK,4,50153675,Denmark,2011,7,5,4,6,5,27
DNK_2012,DNK,1,59112415,Denmark,2012,7,6,4,7,6,30
DJI_2005,DJI,1,62112415,Djibouti,2005,1,2,1,4,2,10
DJI_2006,DJI,2,61112415,Djibouti,2006,2,3,1,5,3,14
DJI_2007,DJI,1,60112415,Djibouti,2007,2,4,2,6,3,17
DJI_2008,DJI,2,59112415,Djibouti,2008,3,5,3,5,3,19
DJI_2009,DJI,1,60112415,Djibouti,2009,3,5,4,4,3,19
DJI_2010,DJI,2,61112415,Djibouti,2010,4,5,4,3,3,19
DJI_2011,DJI,1,60112415,Djibouti,2011,4,6,5,2,3,20
DJI_2012,DJI,2,35710721,Djibouti,2012,5,7,5,1,4,22
DOM_2005,DOM,9,17868431,Dominican Republic,2005,1,2,1,4,2,10
DOM_2006,DOM,8,16868431,Dominican Republic,2006,2,3,1,3,3,12
DOM_2007,DOM,7,15868431,Dominican Republic,2007,3,4,2,2,3,14
DOM_2008,DOM,6,14868431,Dominican Republic,2008,4,5,2,3,4,18
DOM_2009,DOM,5,13868431,Dominican Republic,2009,4,5,3,2,4,18
DOM_2010,DOM,4,14868431,Dominican Republic,2010,4,6,3,3,4,20
DOM_2011,DOM,5,15868431,Dominican Republic,2011,5,6,4,2,4,21
DOM_2012,DOM,3,51153675,Dominican Republic,2012,6,6,4,3,5,24
TLS_2005,TLS,8,28690149,East Timor,2005,2,3,2,4,1,12
TLS_2006,TLS,7,27690149,East Timor,2006,3,3,3,3,2,14
TLS_2007,TLS,8,26690149,East Timor,2007,3,4,4,2,2,15
TLS_2008,TLS,7,25690149,East Timor,2008,3,5,4,3,3,18
TLS_2009,TLS,6,26690149,East Timor,2009,4,6,4,2,3,19
TLS_2010,TLS,5,25690149,East Timor,2010,5,7,4,3,4,23
TLS_2011,TLS,4,26690149,East Timor,2011,5,7,4,2,5,23
TLS_2012,TLS,9,67609655,East Timor,2012,6,8,5,3,6,28
ECU_2005,ECU,9,1000000,Ecuador,2005,2,2,2,4,2,12
ECU_2006,ECU,8,1000000,Ecuador,2006,2,2,2,5,2,13
ECU_2007,ECU,7,1000000,Ecuador,2007,2,2,3,6,3,16
ECU_2008,ECU,8,1000000,Ecuador,2008,3,3,3,5,3,17
ECU_2009,ECU,9,1000000,Ecuador,2009,3,3,3,6,3,18
ECU_2010,ECU,8,1000000,Ecuador,2010,4,3,4,7,3,21
ECU_2011,ECU,7,2000000,Ecuador,2011,4,4,5,8,3,24
ECU_2012,ECU,1,59879301,Ecuador,2012,5,5,6,9,3,28
EGY_2005,EGY,5,52215806,Egypt,2005,2,3,1,4,2,12
EGY_2006,EGY,6,53215806,Egypt,2006,2,3,1,5,3,14
EGY_2007,EGY,7,52215806,Egypt,2007,2,4,2,6,3,17
EGY_2008,EGY,8,51215806,Egypt,2008,3,4,2,7,4,20
EGY_2009,EGY,7,52215806,Egypt,2009,4,4,2,8,5,23
EGY_2010,EGY,8,53215806,Egypt,2010,4,4,2,7,5,22
EGY_2011,EGY,9,54215806,Egypt,2011,4,4,3,6,5,22
EGY_2012,EGY,8,3000000,Egypt,2012,4,5,4,7,5,25
SLV_2005,SLV,2,54893485,El Salvador,2005,2,3,2,4,1,12
SLV_2006,SLV,3,53893485,El Salvador,2006,2,4,3,3,1,13
SLV_2007,SLV,4,54893485,El Salvador,2007,3,4,3,4,1,15
SLV_2008,SLV,3,53893485,El Salvador,2008,3,5,3,3,1,15
SLV_2009,SLV,4,54893485,El Salvador,2009,4,6,4,2,2,18
SLV_2010,SLV,5,53893485,El Salvador,2010,4,6,5,3,3,21
SLV_2011,SLV,4,54893485,El Salvador,2011,4,6,6,2,4,22
SLV_2012,SLV,3,47598303,El Salvador,2012,5,6,7,3,5,26
GNQ_2005,GNQ,3,96966641,Equatorial Guinea,2005,2,3,2,4,2,13
GNQ_2006,GNQ,4,97966641,Equatorial Guinea,2006,2,4,2,3,3,14
GNQ_2007,GNQ,5,96966641,Equatorial Guinea,2007,2,4,2,4,4,16
GNQ_2008,GNQ,6,95966641,Equatorial Guinea,2008,3,4,3,5,4,19
GNQ_2009,GNQ,5,96966641,Equatorial Guinea,2009,3,4,3,6,4,20
GNQ_2010,GNQ,6,97966641,Equatorial Guinea,2010,3,5,4,7,4,23
GNQ_2011,GNQ,7,98966641,Equatorial Guinea,2011,4,6,4,8,5,27
GNQ_2012,GNQ,6,91227189,Equatorial Guinea,2012,4,7,4,9,6,30
ERI_2005,ERI,7,84968813,Eritrea,2005,2,2,2,4,1,11
ERI_2006,ERI,8,85968813,Eritrea,2006,3,3,2,5,1,14
ERI_2007,ERI,9,86968813,Eritrea,2007,3,4,3,6,1,17
ERI_2008,ERI,9,85968813,Eritrea,2008,3,4,4,5,2,18
ERI_2009,ERI,9,84968813,Eritrea,2009,3,4,5,4,3,19
ERI_2010,ERI,8,83968813,Eritrea,2010,3,4,5,5,4,21
ERI_2011,ERI,7,84968813,Eritrea,2011,4,5,6,4,5,24
ERI_2012,ERI,8,55215806,Eritrea,2012,5,5,6,5,6,27
EST_2005,EST,5,93215865,Estonia,2005,1,2,2,4,1,10
EST_2006,EST,4,94215865,Estonia,2006,2,2,2,3,2,11
EST_2007,EST,5,95215865,Estonia,2007,2,2,3,2,3,12
EST_2008,EST,6,96215865,Estonia,2008,2,2,4,1,4,13
EST_2009,EST,7,97215865,Estonia,2009,2,2,4,1,5,14
EST_2010,EST,8,96215865,Estonia,2010,2,2,4,2,5,15
EST_2011,EST,9,95215865,Estonia,2011,2,3,5,1,5,16
EST_2012,EST,3,98000000,Estonia,2012,3,3,6,2,5,19
ETH_2005,ETH,3,62148878,Ethiopia,2005,2,3,1,4,1,11
ETH_2006,ETH,4,63148878,Ethiopia,2006,2,3,1,5,2,13
ETH_2007,ETH,5,62148878,Ethiopia,2007,2,4,1,4,2,13
ETH_2008,ETH,4,63148878,Ethiopia,2008,2,5,2,5,2,16
ETH_2009,ETH,5,62148878,Ethiopia,2009,2,5,2,6,3,18
ETH_2010,ETH,4,61148878,Ethiopia,2010,3,6,3,7,3,22
ETH_2011,ETH,5,62148878,Ethiopia,2011,4,7,4,8,4,27
ETH_2012,ETH,8,96215865,Ethiopia,2012,4,7,4,7,4,26
FLK_2005,FLK,6,50413506,Falkland Islands,2005,1,2,2,4,1,10
FLK_2006,FLK,5,51413506,Falkland Islands,2006,2,2,2,3,2,11
FLK_2007,FLK,4,50413506,Falkland Islands,2007,3,3,3,4,2,15
FLK_2008,FLK,5,49413506,Falkland Islands,2008,4,3,3,5,2,17
FLK_2009,FLK,6,48413506,Falkland Islands,2009,4,3,4,4,2,17
FLK_2010,FLK,7,49413506,Falkland Islands,2010,5,3,5,5,2,20
FLK_2011,FLK,8,48413506,Falkland Islands,2011,6,4,5,4,3,22
FLK_2012,FLK,2,74703083,Falkland Islands,2012,6,4,6,3,3,22
FJI_2005,FJI,1,79703083,Fiji,2005,1,2,1,4,1,9
FJI_2006,FJI,1,78703083,Fiji,2006,2,2,1,5,2,12
FJI_2007,FJI,2,77703083,Fiji,2007,2,3,1,4,2,12
FJI_2008,FJI,1,76703083,Fiji,2008,2,3,1,3,3,12
FJI_2009,FJI,1,77703083,Fiji,2009,3,4,2,4,4,17
FJI_2010,FJI,1,76703083,Fiji,2010,4,4,2,3,4,17
FJI_2011,FJI,1,75703083,Fiji,2011,4,4,2,4,5,19
FJI_2012,FJI,2,73606409,Fiji,2012,4,4,3,3,6,20
FIN_2005,FIN,4,74606409,Finland,2005,1,2,2,4,2,11
FIN_2006,FIN,3,75606409,Finland,2006,1,3,3,3,3,13
FIN_2007,FIN,4,74606409,Finland,2007,2,4,3,2,4,15
FIN_2008,FIN,3,75606409,Finland,2008,3,5,4,3,4,19
FIN_2009,FIN,2,76606409,Finland,2009,3,5,5,4,4,21
FIN_2010,FIN,1,75606409,Finland,2010,3,6,6,3,4,22
FIN_2011,FIN,1,74606409,Finland,2011,4,7,6,4,5,26
FIN_2012,FIN,4,61148878,Finland,2012,5,7,6,3,5,26
FRA_2005,FRA,7,35895182,France,2005,2,3,2,4,2,13
FRA_2006,FRA,8,36895182,France,2006,3,3,2,5,3,16
FRA_2007,FRA,7,37895182,France,2007,4,4,2,6,3,19
FRA_2008,FRA,6,36895182,France,2008,4,5,2,5,3,19
FRA_2009,FRA,5,35895182,France,2009,4,5,3,6,4,22
FRA_2010,FRA,6,34895182,France,2010,5,6,3,5,5,24
FRA_2011,FRA,7,33895182,France,2011,5,6,3,4,5,23
FRA_2012,FRA,7,49413506,France,2012,5,6,3,5,6,25
ATF_2005,ATF,2,12636703,French Southern and Antarctic Lands,2005,2,2,2,4,1,11
ATF_2006,ATF,3,11636703,French Southern and Antarctic Lands,2006,2,2,2,5,1,12
ATF_2007,ATF,2,10636703,French Southern and Antarctic Lands,2007,3,3,2,6,1,15
ATF_2008,ATF,1,9636703,French Southern and Antarctic Lands,2008,3,4,3,7,2,19
ATF_2009,ATF,2,8636703,French Southern and Antarctic Lands,2009,4,4,3,6,3,20
ATF_2010,ATF,3,9636703,French Southern and Antarctic Lands,2010,5,4,4,5,3,21
ATF_2011,ATF,2,8636703,French Southern and Antarctic Lands,2011,6,4,4,4,4,22
ATF_2012,ATF,4,97993946,French Southern and Antarctic Lands,2012,6,5,4,5,5,25
GAB_2005,GAB,1,7155284,Gabon,2005,1,2,1,4,1,9
GAB_2006,GAB,1,8155284,Gabon,2006,2,3,1,3,1,10
GAB_2007,GAB,1,7155284,Gabon,2007,2,3,2,4,1,12
GAB_2008,GAB,1,8155284,Gabon,2008,2,3,3,3,2,13
GAB_2009,GAB,1,7155284,Gabon,2009,2,3,3,4,3,15
GAB_2010,GAB,2,6155284,Gabon,2010,2,4,3,5,3,17
GAB_2011,GAB,3,5155284,Gabon,2011,2,4,4,4,3,17
GAB_2012,GAB,8,32895182,Gabon,2012,3,4,4,5,3,19
GMB_2005,GMB,6,58923645,Gambia,2005,2,2,1,4,1,10
GMB_2006,GMB,7,57923645,Gambia,2006,2,3,1,5,1,12
GMB_2007,GMB,6,58923645,Gambia,2007,2,4,2,4,1,13
GMB_2008,GMB,5,59923645,Gambia,2008,3,5,2,3,2,15
GMB_2009,GMB,4,58923645,Gambia,2009,3,5,2,4,2,16
GMB_2010,GMB,3,57923645,Gambia,2010,3,5,2,3,3,16
GMB_2011,GMB,2,58923645,Gambia,2011,4,5,3,4,3,19
GMB_2012,GMB,2,83960352,Gambia,2012,5,5,3,5,4,22
GEO_2005,GEO,7,70156788,Georgia,2005,2,3,2,4,2,13
GEO_2006,GEO,8,71156788,Georgia,2006,3,4,3,5,3,18
GEO_2007,GEO,7,70156788,Georgia,2007,3,4,3,6,3,19
GEO_2008,GEO,8,69156788,Georgia,2008,3,4,3,7,3,20
GEO_2009,GEO,9,70156788,Georgia,2009,4,5,4,6,3,22
GEO_2010,GEO,9,71156788,Georgia,2010,4,5,5,7,3,24
GEO_2011,GEO,9,70156788,Georgia,2011,4,5,6,6,3,24
GEO_2012,GEO,8,94786679,Georgia,2012,4,5,6,5,3,23
DEU_2005,DEU,5,34710721,Germany,2005,2,3,1,4,2,12
DEU_2006,DEU,4,33710721,Germany,2006,2,4,1,3,2,12
DEU_2007,DEU,3,34710721,Germany,2007,2,5,2,2,2,13
DEU_2008,DEU,4,35710721,Germany,2008,2,6,2,3,2,15
DEU_2009,DEU,3,34710721,Germany,2009,2,7,3,4,3,19
DEU_2010,DEU,4,35710721,Germany,2010,2,8,3,5,4,22
DEU_2011,DEU,3,36710721,Germany,2011,3,9,4,4,5,25
DEU_2012,DEU,4,44682129,Germany,2012,4,9,4,3,5,25
GHA_2005,GHA,7,99000000,Ghana,2005,2,3,2,4,1,12
GHA_2006,GHA,6,98000000,Ghana,2006,3,4,3,5,1,16
GHA_2007,GHA,7,99000000,Ghana,2007,3,4,3,4,2,16
GHA_2008,GHA,8,100000000,Ghana,2008,3,5,4,5,3,20
GHA_2009,GHA,9,100000000,Ghana,2009,4,5,4,4,4,21
GHA_2010,GHA,8,99000000,Ghana,2010,4,6,5,5,4,24
GHA_2011,GHA,7,98000000,Ghana,2011,4,6,6,4,5,25
GHA_2012,GHA,8,71156788,Ghana,2012,5,6,7,5,6,29
GRC_2005,GRC,7,48333039,Greece,2005,1,2,1,4,1,9
GRC_2006,GRC,8,49333039,Greece,2006,2,2,1,3,2,10
GRC_2007,GRC,7,48333039,Greece,2007,2,3,1,2,2,10
GRC_2008,GRC,8,49333039,Greece,2008,2,3,1,1,2,9
GRC_2009,GRC,7,50333039,Greece,2009,3,4,2,2,3,14
GRC_2010,GRC,6,49333039,Greece,2010,4,4,2,3,3,16
GRC_2011,GRC,7,48333039,Greece,2011,5,5,2,4,3,19
GRC_2012,GRC,8,97966641,Greece,2012,5,5,2,5,3,20
GRL_2005,GRL,2,62908938,Greenland,2005,2,3,2,4,1,12
GRL_2006,GRL,3,63908938,Greenland,2006,2,4,3,5,2,16
GRL_2007,GRL,2,62908938,Greenland,2007,3,5,3,6,3,20
GRL_2008,GRL,1,63908938,Greenland,2008,4,6,4,7,3,24
GRL_2009,GRL,2,64908938,Greenland,2009,4,7,4,6,4,25
GRL_2010,GRL,1,63908938,Greenland,2010,4,8,5,7,4,28
GRL_2011,GRL,2,64908938,Greenland,2011,4,9,6,8,5,32
GRL_2012,GRL,8,47333039,Greenland,2012,5,9,6,9,6,35
GTM_2005,GTM,3,70939134,Guatemala,2005,2,3,1,4,2,12
GTM_2006,GTM,2,71939134,Guatemala,2006,3,3,2,5,3,16
GTM_2007,GTM,1,70939134,Guatemala,2007,4,3,3,6,3,19
GTM_2008,GTM,1,71939134,Guatemala,2008,5,3,4,7,4,23
GTM_2009,GTM,1,70939134,Guatemala,2009,6,4,5,6,4,25
GTM_2010,GTM,1,69939134,Guatemala,2010,6,5,5,7,5,28
GTM_2011,GTM,2,70939134,Guatemala,2011,6,6,5,8,5,30
GTM_2012,GTM,3,63908938,Guatemala,2012,7,7,6,7,6,33
GIN_2005,GIN,4,80960352,Guinea,2005,2,3,1,4,2,12
GIN_2006,GIN,3,81960352,Guinea,2006,3,3,2,5,2,15
GIN_2007,GIN,2,82960352,Guinea,2007,3,3,2,6,2,16
GIN_2008,GIN,3,83960352,Guinea,2008,4,4,3,7,3,21
GIN_2009,GIN,2,84960352,Guinea,2009,4,5,3,6,3,21
GIN_2010,GIN,1,83960352,Guinea,2010,5,6,4,5,3,23
GIN_2011,GIN,1,82960352,Guinea,2011,5,7,5,6,4,27
GIN_2012,GIN,6,97000000,Guinea,2012,5,8,5,5,4,27
GNB_2005,GNB,9,94227189,Guinea Bissau,2005,1,3,2,4,1,11
GNB_2006,GNB,8,95227189,Guinea Bissau,2006,1,3,2,5,2,13
GNB_2007,GNB,9,94227189,Guinea Bissau,2007,2,3,3,4,3,15
GNB_2008,GNB,9,95227189,Guinea Bissau,2008,3,3,3,3,4,16
GNB_2009,GNB,9,94227189,Guinea Bissau,2009,4,4,4,2,4,18
GNB_2010,GNB,8,93227189,Guinea Bissau,2010,4,5,5,3,4,21
GNB_2011,GNB,7,92227189,Guinea Bissau,2011,5,6,6,4,5,26
GNB_2012,GNB,3,59923645,Guinea Bissau,2012,6,6,6,5,6,29
GUY_2005,GUY,3,28284468,Guyana,2005,2,2,2,4,2,12
GUY_2006,GUY,2,29284468,Guyana,2006,3,3,3,5,3,17
GUY_2007,GUY,1,30284468,Guyana,2007,4,4,4,6,3,21
GUY_2008,GUY,1,31284468,Guyana,2008,5,4,5,7,3,24
GUY_2009,GUY,1,32284468,Guyana,2009,5,5,6,6,4,26
GUY_2010,GUY,2,31284468,Guyana,2010,5,5,6,5,4,25
GUY_2011,GUY,1,32284468,Guyana,2011,6,5,7,6,5,29
GUY_2012,GUY,3,69939134,Guyana,2012,6,5,8,7,5,31
HTI_2005,HTI,2,6831365,Haiti,2005,1,2,1,4,2,10
HTI_2006,HTI,1,7831365,Haiti,2006,2,2,2,3,2,11
HTI_2007,HTI,1,6831365,Haiti,2007,2,3,2,4,3,14
HTI_2008,HTI,2,5831365,Haiti,2008,2,3,2,3,4,14
HTI_2009,HTI,3,6831365,Haiti,2009,3,4,2,2,5,16
HTI_2010,HTI,2,7831365,Haiti,2010,3,4,3,3,5,18
HTI_2011,HTI,1,6831365,Haiti,2011,4,5,3,2,5,19
HTI_2012,HTI,4,15036853,Haiti,2012,5,5,3,1,6,20
HND_2005,HND,5,37992134,Honduras,2005,2,2,2,4,1,11
HND_2006,HND,4,38992134,Honduras,2006,2,2,2,5,1,12
HND_2007,HND,3,39992134,Honduras,2007,2,3,3,6,1,15
HND_2008,HND,2,40992134,Honduras,2008,2,3,4,7,1,17
HND_2009,HND,1,41992134,Honduras,2009,2,3,5,8,2,20
HND_2010,HND,2,40992134,Honduras,2010,2,3,5,7,2,19
HND_2011,HND,1,39992134,Honduras,2011,3,3,5,6,3,20
HND_2012,HND,2,33284468,Honduras,2012,3,3,6,7,3,22
HUN_2005,HUN,4,74483244,Hungary,2005,2,3,1,4,2,12
HUN_2006,HUN,5,73483244,Hungary,2006,2,3,2,5,3,15
HUN_2007,HUN,6,72483244,Hungary,2007,3,3,3,4,4,17
HUN_2008,HUN,7,71483244,Hungary,2008,4,4,3,3,4,18
HUN_2009,HUN,6,72483244,Hungary,2009,5,4,3,2,5,19
HUN_2010,HUN,5,71483244,Hungary,2010,5,4,4,1,5,19
HUN_2011,HUN,4,72483244,Hungary,2011,6,5,5,2,5,23
HUN_2012,HUN,1,5831365,Hungary,2012,6,5,6,1,5,23
ISL_2005,ISL,3,59789725,Iceland,2005,2,2,2,4,2,12
ISL_2006,ISL,4,60789725,Iceland,2006,3,2,2,3,2,12
ISL_2007,ISL,5,59789725,Iceland,2007,4,3,2,2,2,13
ISL_2008,ISL,6,60789725,Iceland,2008,5,4,2,3,3,17
ISL_2009,ISL,5,59789725,Iceland,2009,6,5,2,4,4,21
ISL_2010,ISL,6,58789725,Iceland,2010,7,5,3,5,5,25
ISL_2011,ISL,7,59789725,Iceland,2011,8,6,4,4,5,27
ISL_2012,ISL,6,3451534,Iceland,2012,8,7,5,5,5,30
IND_2005,IND,1,82530965,India,2005,1,3,2,4,1,11
IND_2006,IND,2,81530965,India,2006,1,4,2,5,2,14
IND_2007,IND,1,80530965,India,2007,1,5,3,6,2,17
IND_2008,IND,1,81530965,India,2008,2,6,4,5,3,20
IND_2009,IND,1,80530965,India,2009,3,7,4,6,4,24
IND_2010,IND,1,79530965,India,2010,4,7,5,5,5,26
IND_2011,IND,1,78530965,India,2011,5,8,6,6,5,30
IND_2012,IND,6,93354284,India,2012,6,9,7,5,6,33
IDN_2005,IDN,3,92354284,Indonesia,2005,2,3,1,4,2,12
IDN_2006,IDN,2,93354284,Indonesia,2006,2,4,1,3,2,12
IDN_2007,IDN,3,92354284,Indonesia,2007,3,5,2,4,2,16
IDN_2008,IDN,4,93354284,Indonesia,2008,4,6,3,5,2,20
IDN_2009,IDN,5,92354284,Indonesia,2009,4,6,3,6,2,21
IDN_2010,IDN,6,91354284,Indonesia,2010,5,7,4,5,2,23
IDN_2011,IDN,7,92354284,Indonesia,2011,6,7,5,4,3,25
IDN_2012,IDN,3,73483244,Indonesia,2012,7,8,6,3,3,27
IRN_2005,IRN,7,52124399,Iran,2005,2,3,1,4,2,12
IRN_2006,IRN,6,53124399,Iran,2006,2,3,1,3,3,12
IRN_2007,IRN,5,52124399,Iran,2007,2,4,2,2,3,13
IRN_2008,IRN,6,51124399,Iran,2008,2,4,2,1,4,13
IRN_2009,IRN,5,50124399,Iran,2009,3,5,2,2,5,17
IRN_2010,IRN,4,51124399,Iran,2010,3,5,3,1,6,18
IRN_2011,IRN,3,50124399,Iran,2011,3,6,3,2,6,20
IRN_2012,IRN,2,37063455,Iran,2012,3,6,4,1,6,20
IRQ_2005,IRQ,8,6451534,Iraq,2005,1,2,1,4,2,10
IRQ_2006,IRQ,9,5451534,Iraq,2006,1,2,2,3,3,11
IRQ_2007,IRQ,9,4451534,Iraq,2007,2,3,3,4,4,16
IRQ_2008,IRQ,9,3451534,Iraq,2008,3,3,3,3,4,16
IRQ_2009,IRQ,9,4451534,Iraq,2009,3,4,4,4,5,20
IRQ_2010,IRQ,8,5451534,Iraq,2010,3,5,4,5,6,23
IRQ_2011,IRQ,7,4451534,Iraq,2011,4,6,4,4,6,24
IRQ_2012,IRQ,2,49124399,Iraq,2012,5,6,5,5,7,28
IRL_2005,IRL,1,34063455,Ireland,2005,1,2,1,4,2,10
IRL_2006,IRL,2,35063455,Ireland,2006,2,2,1,3,2,10
IRL_2007,IRL,1,36063455,Ireland,2007,2,3,1,2,3,11
IRL_2008,IRL,2,35063455,Ireland,2008,2,4,2,3,4,15
IRL_2009,IRL,1,36063455,Ireland,2009,2,4,2,2,5,15
IRL_2010,IRL,1,37063455,Ireland,2010,3,5,3,3,6,20
IRL_2011,IRL,1,36063455,Ireland,2011,3,6,3,2,6,20
IRL_2012,IRL,1,77530965,Ireland,2012,4,7,3,3,6,23
ISR_2005,ISR,7,97521454,Israel,2005,1,3,2,4,2,12
ISR_2006,ISR,6,96521454,Israel,2006,1,4,2,5,2,14
ISR_2007,ISR,7,97521454,Israel,2007,1,5,3,6,3,18
ISR_2008,ISR,8,98521454,Israel,2008,1,6,4,7,4,22
ISR_2009,ISR,9,97521454,Israel,2009,1,6,5,8,4,24
ISR_2010,ISR,9,96521454,Israel,2010,2,7,6,9,5,29
ISR_2011,ISR,8,97521454,Israel,2011,3,8,7,9,5,32
ISR_2012,ISR,6,58789725,Israel,2012,4,8,7,8,6,33
ITA_2005,ITA,9,75958713,Italy,2005,2,2,1,4,1,10
ITA_2006,ITA,9,74958713,Italy,2006,2,3,2,3,2,12
ITA_2007,ITA,9,73958713,Italy,2007,3,3,2,2,3,13
ITA_2008,ITA,9,74958713,Italy,2008,3,4,2,3,3,15
ITA_2009,ITA,8,75958713,Italy,2009,4,4,3,4,4,19
ITA_2010,ITA,9,76958713,Italy,2010,5,5,4,3,4,21
ITA_2011,ITA,8,77958713,Italy,2011,5,6,4,4,4,23
ITA_2012,ITA,9,98521454,Italy,2012,5,6,5,3,5,24
CIV_2005,CIV,8,79450266,Ivory Coast,2005,1,2,1,4,1,9
CIV_2006,CIV,9,80450266,Ivory Coast,2006,1,3,1,3,1,9
CIV_2007,CIV,8,79450266,Ivory Coast,2007,2,3,1,4,1,11
CIV_2008,CIV,7,78450266,Ivory Coast,2008,2,4,1,3,1,11
CIV_2009,CIV,6,77450266,Ivory Coast,2009,3,5,2,4,1,15
CIV_2010,CIV,7,76450266,Ivory Coast,2010,3,6,3,5,1,18
CIV_2011,CIV,8,75450266,Ivory Coast,2011,3,7,4,6,1,21
CIV_2012,CIV,5,24036166,Ivory Coast,2012,3,8,4,7,2,24
JAM_2005,JAM,8,56199602,Jamaica,2005,2,2,1,4,2,11
JAM_2006,JAM,7,57199602,Jamaica,2006,3,3,2,5,2,15
JAM_2007,JAM,8,56199602,Jamaica,2007,4,3,2,6,3,18
JAM_2008,JAM,9,55199602,Jamaica,2008,4,4,2,7,4,21
JAM_2009,JAM,8,54199602,Jamaica,2009,4,4,3,8,5,24
JAM_2010,JAM,9,53199602,Jamaica,2010,5,4,4,9,6,28
JAM_2011,JAM,9,52199602,Jamaica,2011,5,4,4,9,7,29
JAM_2012,JAM,9,78958713,Jamaica,2012,6,4,4,9,7,30
JPN_2005,JPN,1,40888677,Japan,2005,2,2,1,4,1,10
JPN_2006,JPN,2,39888677,Japan,2006,2,3,1,5,2,13
JPN_2007,JPN,3,40888677,Japan,2007,3,3,1,4,2,13
JPN_2008,JPN,2,39888677,Japan,2008,4,4,1,5,2,16
JPN_2009,JPN,3,40888677,Japan,2009,4,5,2,4,2,17
JPN_2010,JPN,4,41888677,Japan,2010,4,6,3,5,3,21
JPN_2011,JPN,5,40888677,Japan,2011,5,7,3,6,3,24
JPN_2012,JPN,5,55707665,Japan,2012,6,8,3,5,3,25
JOR_2005,JOR,2,58707665,Jordan,2005,1,2,1,4,2,10
JOR_2006,JOR,3,57707665,Jordan,2006,1,3,2,3,2,11
JOR_2007,JOR,4,56707665,Jordan,2007,1,3,2,4,3,13
JOR_2008,JOR,3,55707665,Jordan,2008,2,4,3,5,4,18
JOR_2009,JOR,4,54707665,Jordan,2009,3,5,4,6,5,23
JOR_2010,JOR,5,55707665,Jordan,2010,4,6,5,5,6,26
JOR_2011,JOR,4,54707665,Jordan,2011,5,7,6,6,6,30
JOR_2012,JOR,9,53199602,Jordan,2012,6,7,7,5,7,32
KAZ_2005,KAZ,1,52968482,Kazakhstan,2005,1,3,1,4,2,11
KAZ_2006,KAZ,1,53968482,Kazakhstan,2006,1,3,1,5,3,13
KAZ_2007,KAZ,2,54968482,Kazakhstan,2007,1,3,2,6,3,15
KAZ_2008,KAZ,1,53968482,Kazakhstan,2008,2,4,2,5,3,16
KAZ_2009,KAZ,2,54968482,Kazakhstan,2009,3,4,2,4,3,16
KAZ_2010,KAZ,3,55968482,Kazakhstan,2010,4,4,2,5,3,18
KAZ_2011,KAZ,2,54968482,Kazakhstan,2011,5,4,3,6,4,22
KAZ_2012,KAZ,4,41888677,Kazakhstan,2012,6,4,4,5,4,23
KEN_2005,KEN,3,19752556,Kenya,2005,1,2,2,4,1,10
KEN_2006,KEN,4,18752556,Kenya,2006,1,2,2,5,2,12
KEN_2007,KEN,3,19752556,Kenya,2007,1,3,2,6,3,15
KEN_2008,KEN,4,18752556,Kenya,2008,1,3,3,5,4,16
KEN_2009,KEN,5,17752556,Kenya,2009,1,3,4,4,5,17
KEN_2010,KEN,6,18752556,Kenya,2010,2,4,4,5,6,21
KEN_2011,KEN,7,17752556,Kenya,2011,2,4,5,4,6,21
KEN_2012,KEN,1,53968482,Kenya,2012,2,5,6,3,7,23
KOS_2005,KOS,7,52905496,Kosovo,2005,2,2,2,4,1,11
KOS_2006,KOS,8,51905496,Kosovo,2006,3,2,3,3,2,13
KOS_2007,KOS,9,52905496,Kosovo,2007,4,3,3,2,2,14
KOS_2008,KOS,8,53905496,Kosovo,2008,5,3,3,1,2,14
KOS_2009,KOS,7,54905496,Kosovo,2009,6,3,3,2,2,16
KOS_2010,KOS,8,53905496,Kosovo,2010,6,4,4,3,2,19
KOS_2011,KOS,9,54905496,Kosovo,2011,6,5,4,4,3,22
KOS_2012,KOS,8,16694059,Kosovo,2012,6,5,5,3,4,23
KWT_2005,KWT,3,33783051,Kuwait,2005,1,2,1,4,2,10
KWT_2006,KWT,4,34783051,Kuwait,2006,1,2,1,5,2,11
KWT_2007,KWT,3,35783051,Kuwait,2007,2,3,1,6,2,14
KWT_2008,KWT,2,36783051,Kuwait,2008,2,4,2,5,2,15
KWT_2009,KWT,1,37783051,Kuwait,2009,3,5,2,4,3,17
KWT_2010,KWT,1,38783051,Kuwait,2010,3,6,3,3,3,18
KWT_2011,KWT,1,37783051,Kuwait,2011,4,7,4,4,3,22
KWT_2012,KWT,8,53905496,Kuwait,2012,4,8,4,3,3,22
KGZ_2005,KGZ,6,4567553,Kyrgyzstan,2005,2,2,1,4,1,10
KGZ_2006,KGZ,7,3567553,Kyrgyzstan,2006,3,3,2,3,2,13
KGZ_2007,KGZ,6,4567553,Kyrgyzstan,2007,4,4,2,2,3,15
KGZ_2008,KGZ,5,5567553,Kyrgyzstan,2008,5,5,2,3,4,19
KGZ_2009,KGZ,6,4567553,Kyrgyzstan,2009,5,6,2,2,5,20
KGZ_2010,KGZ,7,3567553,Kyrgyzstan,2010,6,6,3,3,6,24
KGZ_2011,KGZ,8,2567553,Kyrgyzstan,2011,6,6,4,2,7,25
KGZ_2012,KGZ,6,18752556,Kyrgyzstan,2012,6,6,5,3,8,28
LAO_2005,LAO,1,49600625,Laos,2005,2,3,1,4,2,12
LAO_2006,LAO,2,48600625,Laos,2006,3,3,1,5,2,14
LAO_2007,LAO,3,49600625,Laos,2007,3,4,1,4,2,14
LAO_2008,LAO,4,50600625,Laos,2008,3,5,2,3,3,16
LAO_2009,LAO,3,49600625,Laos,2009,4,5,2,2,4,17
LAO_2010,LAO,2,50600625,Laos,2010,4,5,2,3,5,19
LAO_2011,LAO,1,51600625,Laos,2011,4,5,3,4,5,21
LAO_2012,LAO,2,38783051,Laos,2012,4,5,3,3,5,20
LVA_2005,LVA,5,94681131,Latvia,2005,2,3,2,4,1,12
LVA_2006,LVA,6,95681131,Latvia,2006,3,3,3,5,2,16
LVA_2007,LVA,5,94681131,Latvia,2007,4,4,4,6,3,21
LVA_2008,LVA,4,95681131,Latvia,2008,5,5,4,7,4,25
LVA_2009,LVA,5,94681131,Latvia,2009,6,5,5,8,5,29
LVA_2010,LVA,4,93681131,Latvia,2010,7,6,5,7,6,31
LVA_2011,LVA,3,92681131,Latvia,2011,8,7,6,6,6,33
LVA_2012,LVA,6,60073375,Latvia,2012,9,8,6,5,7,35
LBN_2005,LBN,8,53735922,Lebanon,2005,1,2,1,4,2,10
LBN_2006,LBN,9,52735922,Lebanon,2006,1,3,2,3,2,11
LBN_2007,LBN,9,51735922,Lebanon,2007,1,4,2,2,3,12
LBN_2008,LBN,9,52735922,Lebanon,2008,1,4,2,1,4,12
LBN_2009,LBN,8,53735922,Lebanon,2009,2,4,3,1,5,15
LBN_2010,LBN,7,52735922,Lebanon,2010,3,5,4,1,6,19
LBN_2011,LBN,8,53735922,Lebanon,2011,3,6,4,2,6,21
LBN_2012,LBN,2,52600625,Lebanon,2012,4,7,5,1,6,23
LSO_2005,LSO,6,98377150,Lesotho,2005,1,3,1,4,2,11
LSO_2006,LSO,7,97377150,Lesotho,2006,2,4,1,3,2,12
LSO_2007,LSO,6,98377150,Lesotho,2007,3,4,2,4,2,15
LSO_2008,LSO,5,97377150,Lesotho,2008,3,5,3,3,2,16
LSO_2009,LSO,6,98377150,Lesotho,2009,3,6,4,4,3,20
LSO_2010,LSO,7,99377150,Lesotho,2010,4,7,5,3,3,22
LSO_2011,LSO,8,100000000,Lesotho,2011,4,8,6,4,3,25
LSO_2012,LSO,5,22110224,Lesotho,2012,4,8,6,3,4,25
LBR_2005,LBR,7,46046950,Liberia,2005,2,2,1,4,2,11
LBR_2006,LBR,8,45046950,Liberia,2006,2,3,2,5,3,15
LBR_2007,LBR,7,44046950,Liberia,2007,2,4,2,6,4,18
LBR_2008,LBR,6,45046950,Liberia,2008,2,5,3,7,4,21
LBR_2009,LBR,7,46046950,Liberia,2009,2,6,3,8,4,23
LBR_2010,LBR,6,47046950,Liberia,2010,3,6,3,9,4,25
LBR_2011,LBR,5,46046950,Liberia,2011,3,6,4,9,5,27
LBR_2012,LBR,9,52735922,Liberia,2012,3,7,4,8,6,28
LBY_2005,LBY,9,34133313,Libya,2005,2,3,1,4,2,12
LBY_2006,LBY,8,35133313,Libya,2006,3,3,1,3,3,13
LBY_2007,LBY,7,36133313,Libya,2007,4,4,1,2,4,15
LBY_2008,LBY,8,35133313,Libya,2008,4,4,2,1,5,16
LBY_2009,LBY,9,34133313,Libya,2009,4,4,2,2,6,18
LBY_2010,LBY,9,33133313,Libya,2010,5,5,3,3,7,23
LBY_2011,LBY,8,34133313,Libya,2011,5,5,3,2,8,23
LBY_2012,LBY,6,45046950,Libya,2012,6,6,4,3,9,28
LTU_2005,LTU,5,72349431,Lithuania,2005,1,3,1,4,1,10
LTU_2006,LTU,6,71349431,Lithuania,2006,2,3,1,5,1,12
LTU_2007,LTU,5,72349431,Lithuania,2007,3,4,2,4,1,14
LTU_2008,LTU,4,73349431,Lithuania,2008,3,4,3,5,1,16
LTU_2009,LTU,3,72349431,Lithuania,2009,3,4,4,4,1,16
LTU_2010,LTU,2,71349431,Lithuania,2010,4,4,4,5,2,19
LTU_2011,LTU,1,70349431,Lithuania,2011,5,5,5,4,3,22
LTU_2012,LTU,9,99000000,Lithuania,2012,6,6,6,3,4,25
LUX_2005,LUX,5,57073375,Luxembourg,2005,2,3,2,4,1,12
LUX_2006,LUX,4,58073375,Luxembourg,2006,2,4,2,5,1,14
LUX_2007,LUX,5,59073375,Luxembourg,2007,2,5,3,6,2,18
LUX_2008,LUX,4,58073375,Luxembourg,2008,3,6,3,7,3,22
LUX_2009,LUX,5,59073375,Luxembourg,2009,4,7,4,8,3,26
LUX_2010,LUX,6,60073375,Luxembourg,2010,5,7,5,9,4,30
LUX_2011,LUX,5,59073375,Luxembourg,2011,6,8,5,9,5,33
LUX_2012,LUX,1,71349431,Luxembourg,2012,6,8,6,9,5,34
MKD_2005,MKD,6,96117280,Macedonia,2005,1,2,1,4,2,10
MKD_2006,MKD,5,95117280,Macedonia,2006,1,2,2,3,3,11
MKD_2007,MKD,6,96117280,Macedonia,2007,2,2,2,4,4,14
MKD_2008,MKD,7,97117280,Macedonia,2008,2,3,2,3,4,14
MKD_2009,MKD,6,96117280,Macedonia,2009,3,4,2,2,5,16
MKD_2010,MKD,7,95117280,Macedonia,2010,4,5,3,3,6,21
MKD_2011,MKD,6,96117280,Macedonia,2011,5,6,3,2,7,23
MKD_2012,MKD,6,99000000,Macedonia,2012,5,6,4,1,8,24
MDG_2005,MDG,6,42876402,Madagascar,2005,1,3,1,4,2,11
MDG_2006,MDG,5,41876402,Madagascar,2006,2,4,2,5,3,16
MDG_2007,MDG,6,42876402,Madagascar,2007,2,5,2,6,4,19
MDG_2008,MDG,7,41876402,Madagascar,2008,3,5,2,7,5,22
MDG_2009,MDG,6,40876402,Madagascar,2009,4,5,2,6,6,23
MDG_2010,MDG,5,41876402,Madagascar,2010,4,5,3,7,7,26
MDG_2011,MDG,6,42876402,Madagascar,2011,5,5,4,8,8,30
MDG_2012,MDG,3,21567691,Madagascar,2012,5,5,4,7,9,30
MWI_2005,MWI,8,85196506,Malawi,2005,2,2,2,4,1,11
MWI_2006,MWI,7,86196506,Malawi,2006,2,3,2,5,2,14
MWI_2007,MWI,8,87196506,Malawi,2007,3,4,3,4,3,17
MWI_2008,MWI,9,88196506,Malawi,2008,4,4,4,5,4,21
MWI_2009,MWI,8,87196506,Malawi,2009,5,5,5,4,5,24
MWI_2010,MWI,7,86196506,Malawi,2010,6,5,6,3,5,25
MWI_2011,MWI,8,87196506,Malawi,2011,7,6,7,4,5,29
MWI_2012,MWI,4,2000000,Malawi,2012,8,6,7,3,6,30
MYS_2005,MYS,1,20802415,Malaysia,2005,1,2,2,4,2,11
MYS_2006,MYS,2,21802415,Malaysia,2006,1,2,2,5,3,13
MYS_2007,MYS,3,20802415,Malaysia,2007,2,3,3,6,3,17
MYS_2008,MYS,2,21802415,Malaysia,2008,2,3,3,7,3,18
MYS_2009,MYS,1,20802415,Malaysia,2009,2,4,3,8,3,20
MYS_2010,MYS,2,19802415,Malaysia,2010,3,5,3,9,4,24
MYS_2011,MYS,3,18802415,Malaysia,2011,3,6,4,9,4,26
MYS_2012,MYS,9,88196506,Malaysia,2012,4,6,5,9,4,28
MLI_2005,MLI,2,38457515,Mali,2005,2,2,2,4,1,11
MLI_2006,MLI,3,39457515,Mali,2006,3,3,3,3,2,14
MLI_2007,MLI,2,40457515,Mali,2007,3,3,4,4,2,16
MLI_2008,MLI,3,39457515,Mali,2008,4,3,5,3,3,18
MLI_2009,MLI,2,38457515,Mali,2009,4,4,5,4,4,21
MLI_2010,MLI,1,39457515,Mali,2010,4,5,6,3,5,23
MLI_2011,MLI,2,38457515,Mali,2011,4,5,7,4,5,25
MLI_2012,MLI,7,97117280,Mali,2012,5,5,8,3,5,26
MRT_2005,MRT,5,2000000,Mauritania,2005,2,2,2,4,1,11
MRT_2006,MRT,6,1000000,Mauritania,2006,2,2,3,5,1,13
MRT_2007,MRT,5,2000000,Mauritania,2007,2,3,4,6,2,17
MRT_2008,MRT,6,3000000,Mauritania,2008,2,3,5,5,2,17
MRT_2009,MRT,5,2000000,Mauritania,2009,2,4,6,6,2,20
MRT_2010,MRT,4,1000000,Mauritania,2010,2,5,7,7,3,24
MRT_2011,MRT,5,1000000,Mauritania,2011,2,5,8,8,4,27
MRT_2012,MRT,7,18259332,Mauritania,2012,2,6,8,9,5,30
MEX_2005,MEX,9,96956624,Mexico,2005,1,3,1,4,2,11
MEX_2006,MEX,9,97956624,Mexico,2006,1,4,1,3,3,12
MEX_2007,MEX,9,98956624,Mexico,2007,2,5,2,2,3,14
MEX_2008,MEX,8,99956624,Mexico,2008,3,5,3,3,4,18
MEX_2009,MEX,7,98956624,Mexico,2009,3,6,3,4,5,21
MEX_2010,MEX,6,99956624,Mexico,2010,4,6,4,3,5,22
MEX_2011,MEX,7,100000000,Mexico,2011,4,7,4,4,5,24
MEX_2012,MEX,5,43876402,Mexico,2012,4,7,4,3,5,23
MDA_2005,MDA,4,18567691,Moldova,2005,1,2,1,4,2,10
MDA_2006,MDA,5,19567691,Moldova,2006,1,3,1,5,2,12
MDA_2007,MDA,4,20567691,Moldova,2007,2,4,1,4,2,13
MDA_2008,MDA,5,19567691,Moldova,2008,2,5,1,3,2,13
MDA_2009,MDA,4,20567691,Moldova,2009,3,5,2,2,2,14
MDA_2010,MDA,3,19567691,Moldova,2010,4,5,2,1,3,15
MDA_2011,MDA,4,20567691,Moldova,2011,5,6,3,2,3,19
MDA_2012,MDA,9,39868562,Moldova,2012,5,6,4,3,4,22
MNG_2005,MNG,7,67199978,Mongolia,2005,1,3,2,4,2,12
MNG_2006,MNG,6,66199978,Mongolia,2006,2,3,3,5,2,15
MNG_2007,MNG,7,67199978,Mongolia,2007,2,4,4,6,3,19
MNG_2008,MNG,6,68199978,Mongolia,2008,3,4,5,7,3,22
MNG_2009,MNG,7,69199978,Mongolia,2009,3,5,6,8,4,26
MNG_2010,MNG,8,68199978,Mongolia,2010,4,6,7,7,4,28
MNG_2011,MNG,9,69199978,Mongolia,2011,5,7,8,6,4,30
MNG_2012,MNG,8,91430459,Mongolia,2012,5,8,8,5,5,31
MNE_2005,MNE,8,92430459,Montenegro,2005,1,3,1,4,2,11
MNE_2006,MNE,9,91430459,Montenegro,2006,2,3,2,5,3,15
MNE_2007,MNE,8,90430459,Montenegro,2007,3,4,2,4,3,16
MNE_2008,MNE,9,89430459,Montenegro,2008,4,5,2,3,3,17
MNE_2009,MNE,9,90430459,Montenegro,2009,5,6,2,2,4,19
MNE_2010,MNE,9,91430459,Montenegro,2010,5,7,2,1,5,20
MNE_2011,MNE,9,92430459,Montenegro,2011,5,7,3,1,5,21
MNE_2012,MNE,9,47643991,Montenegro,2012,5,8,3,1,6,23
MAR_2005,MAR,7,40868562,Morocco,2005,1,2,1,4,1,9
MAR_2006,MAR,8,39868562,Morocco,2006,2,2,2,3,2,11
MAR_2007,MAR,9,40868562,Morocco,2007,3,2,2,4,2,13
MAR_2008,MAR,9,39868562,Morocco,2008,4,2,2,5,3,16
MAR_2009,MAR,8,38868562,Morocco,2009,4,3,2,4,4,17
MAR_2010,MAR,9,39868562,Morocco,2010,4,3,3,5,4,19
MAR_2011,MAR,9,38868562,Morocco,2011,5,4,4,6,5,24
MAR_2012,MAR,2,91681131,Morocco,2012,5,4,5,7,6,27
MOZ_2005,MOZ,8,19259332,Mozambique,2005,2,3,1,4,2,12
MOZ_2006,MOZ,7,20259332,Mozambique,2006,2,4,1,5,3,15
MOZ_2007,MOZ,6,19259332,Mozambique,2007,3,4,1,6,3,17
MOZ_2008,MOZ,5,18259332,Mozambique,2008,4,5,2,7,3,21
MOZ_2009,MOZ,6,19259332,Mozambique,2009,4,5,3,6,4,22
MOZ_2010,MOZ,5,18259332,Mozambique,2010,4,6,3,7,5,25
MOZ_2011,MOZ,6,17259332,Mozambique,2011,4,6,4,6,5,25
MOZ_2012,MOZ,9,68199978,Mozambique,2012,4,7,4,5,5,25
MMR_2005,MMR,9,48643991,Myanmar,2005,2,3,2,4,1,12
MMR_2006,MMR,8,49643991,Myanmar,2006,3,3,2,3,1,12
MMR_2007,MMR,9,48643991,Myanmar,2007,4,3,3,2,1,13
MMR_2008,MMR,9,47643991,Myanmar,2008,5,4,3,1,1,14
MMR_2009,MMR,9,46643991,Myanmar,2009,6,5,4,1,2,18
MMR_2010,MMR,9,45643991,Myanmar,2010,7,6,4,2,2,21
MMR_2011,MMR,8,46643991,Myanmar,2011,7,7,4,1,3,22
MMR_2012,MMR,3,39457515,Myanmar,2012,8,8,4,1,3,24
NAM_2005,NAM,1,81078297,Namibia,2005,1,2,2,4,1,10
NAM_2006,NAM,1,80078297,Namibia,2006,1,3,3,3,1,11
NAM_2007,NAM,2,81078297,Namibia,2007,2,4,3,4,2,15
NAM_2008,NAM,1,82078297,Namibia,2008,3,4,3,5,3,18
NAM_2009,NAM,2,83078297,Namibia,2009,3,4,3,4,3,17
NAM_2010,NAM,3,84078297,Namibia,2010,4,5,4,3,4,20
NAM_2011,NAM,2,85078297,Namibia,2011,4,6,4,4,5,23
NAM_2012,NAM,4,17802415,Namibia,2012,4,6,4,3,6,23
NPL_2005,NPL,7,82114681,Nepal,2005,1,3,2,4,2,12
NPL_2006,NPL,8,83114681,Nepal,2006,1,3,3,5,3,15
NPL_2007,NPL,7,84114681,Nepal,2007,1,4,3,4,4,16
NPL_2008,NPL,8,85114681,Nepal,2008,2,5,3,3,5,18
NPL_2009,NPL,7,84114681,Nepal,2009,3,5,4,4,6,22
NPL_2010,NPL,8,83114681,Nepal,2010,4,6,4,5,7,26
NPL_2011,NPL,9,84114681,Nepal,2011,5,6,4,4,7,26
NPL_2012,NPL,5,34737801,Nepal,2012,5,7,5,5,7,29
NLD_2005,NLD,7,60091994,Netherlands,2005,1,2,2,4,1,10
NLD_2006,NLD,8,61091994,Netherlands,2006,2,2,2,3,2,11
NLD_2007,NLD,7,62091994,Netherlands,2007,3,3,3,4,3,16
NLD_2008,NLD,8,63091994,Netherlands,2008,4,3,4,3,4,18
NLD_2009,NLD,7,64091994,Netherlands,2009,5,4,5,4,4,22
NLD_2010,NLD,8,63091994,Netherlands,2010,6,4,5,5,5,25
NLD_2011,NLD,9,64091994,Netherlands,2011,7,5,6,6,6,30
NLD_2012,NLD,2,8044257,Netherlands,2012,8,6,6,7,6,33
NCL_2005,NCL,4,56700381,New Caledonia,2005,2,3,2,4,2,13
NCL_2006,NCL,3,55700381,New Caledonia,2006,3,3,2,3,3,14
NCL_2007,NCL,4,56700381,New Caledonia,2007,3,4,2,2,3,14
NCL_2008,NCL,3,57700381,New Caledonia,2008,4,4,2,1,3,14
NCL_2009,NCL,4,56700381,New Caledonia,2009,4,4,2,1,3,14
NCL_2010,NCL,3,55700381,New Caledonia,2010,4,4,2,1,3,14
NCL_2011,NCL,2,56700381,New Caledonia,2011,4,5,2,2,3,16
NCL_2012,NCL,3,86078297,New Caledonia,2012,5,6,3,3,3,20
NZL_2005,NZL,8,97000000,New Zealand,2005,2,3,1,4,1,11
NZL_2006,NZL,7,98000000,New Zealand,2006,2,3,1,5,1,12
NZL_2007,NZL,8,99000000,New Zealand,2007,2,4,1,6,2,15
NZL_2008,NZL,7,98000000,New Zealand,2008,2,5,2,5,2,16
NZL_2009,NZL,6,97000000,New Zealand,2009,3,6,3,4,3,19
NZL_2010,NZL,7,96000000,New Zealand,2010,4,7,4,5,4,24
NZL_2011,NZL,6,95000000,New Zealand,2011,4,8,4,4,4,24
NZL_2012,NZL,9,83114681,New Zealand,2012,5,8,4,5,5,27
NIC_2005,NIC,6,7044257,Nicaragua,2005,1,3,2,4,2,12
NIC_2006,NIC,5,6044257,Nicaragua,2006,2,3,2,3,2,12
NIC_2007,NIC,4,5044257,Nicaragua,2007,3,4,3,4,2,16
NIC_2008,NIC,3,6044257,Nicaragua,2008,4,5,4,5,2,20
NIC_2009,NIC,2,7044257,Nicaragua,2009,5,5,5,6,2,23
NIC_2010,NIC,1,8044257,Nicaragua,2010,5,6,6,7,2,26
NIC_2011,NIC,1,9044257,Nicaragua,2011,5,7,6,6,3,27
NIC_2012,NIC,9,70129023,Nicaragua,2012,6,8,7,7,4,32
NER_2005,NER,1,68708077,Niger,2005,2,2,1,4,1,10
NER_2006,NER,1,67708077,Niger,2006,3,2,2,5,2,14
NER_2007,NER,1,68708077,Niger,2007,4,3,3,6,2,18
NER_2008,NER,2,69708077,Niger,2008,4,3,4,5,2,18
NER_2009,NER,1,70708077,Niger,2009,4,4,4,6,3,21
NER_2010,NER,1,69708077,Niger,2010,5,5,4,5,4,23
NER_2011,NER,1,70708077,Niger,2011,5,5,4,4,4,22
NER_2012,NER,3,55700381,Niger,2012,6,6,4,5,4,25
NGA_2005,NGA,8,73129023,Nigeria,2005,1,2,2,4,1,10
NGA_2006,NGA,7,74129023,Nigeria,2006,1,2,2,3,2,10
NGA_2007,NGA,8,73129023,Nigeria,2007,2,2,2,2,2,10
NGA_2008,NGA,9,74129023,Nigeria,2008,3,3,2,1,2,11
NGA_2009,NGA,9,73129023,Nigeria,2009,3,3,3,1,3,13
NGA_2010,NGA,8,72129023,Nigeria,2010,3,4,4,1,3,15
NGA_2011,NGA,9,71129023,Nigeria,2011,3,4,5,2,4,18
NGA_2012,NGA,1,71708077,Nigeria,2012,3,4,5,3,4,19
PRK_2005,PRK,3,36447025,North Korea,2005,2,3,2,4,2,13
PRK_2006,PRK,2,37447025,North Korea,2006,3,4,3,3,2,15
PRK_2007,PRK,1,38447025,North Korea,2007,4,4,3,2,3,16
PRK_2008,PRK,1,37447025,North Korea,2008,5,4,3,3,3,18
PRK_2009,PRK,1,38447025,North Korea,2009,5,5,4,4,3,21
PRK_2010,PRK,1,37447025,North Korea,2010,5,6,5,5,4,25
PRK_2011,PRK,1,38447025,North Korea,2011,5,6,5,6,5,27
PRK_2012,PRK,2,52835197,North Korea,2012,6,6,6,5,5,28
NCY_2005,NCY,1,67361200,Northern Cyprus,2005,1,2,1,4,2,10
NCY_2006,NCY,1,68361200,Northern Cyprus,2006,2,2,2,3,3,12
NCY_2007,NCY,2,67361200,Northern Cyprus,2007,3,2,2,2,4,13
NCY_2008,NCY,1,66361200,Northern Cyprus,2008,3,2,3,3,5,16
NCY_2009,NCY,2,67361200,Northern Cyprus,2009,4,2,3,4,6,19
NCY_2010,NCY,1,66361200,Northern Cyprus,2010,4,2,4,5,6,21
NCY_2011,NCY,1,67361200,Northern Cyprus,2011,4,2,5,4,7,22
NCY_2012,NCY,6,32310552,Northern Cyprus,2012,4,3,5,3,8,23
NOR_2005,NOR,4,35737801,Norway,2005,1,2,2,4,1,10
NOR_2006,NOR,3,34737801,Norway,2006,1,3,2,3,1,10
NOR_2007,NOR,4,35737801,Norway,2007,1,4,3,4,1,13
NOR_2008,NOR,5,36737801,Norway,2008,1,5,4,5,2,17
NOR_2009,NOR,6,37737801,Norway,2009,1,5,5,4,3,18
NOR_2010,NOR,7,36737801,Norway,2010,1,6,5,3,3,18
NOR_2011,NOR,6,35737801,Norway,2011,2,7,6,4,3,22
NOR_2012,NOR,9,63091994,Norway,2012,3,8,7,3,4,25
OMN_2005,OMN,1,20469892,Oman,2005,1,3,2,4,2,12
OMN_2006,OMN,1,21469892,Oman,2006,2,3,3,3,3,14
OMN_2007,OMN,1,20469892,Oman,2007,3,3,3,4,4,17
OMN_2008,OMN,2,21469892,Oman,2008,4,4,3,5,5,21
OMN_2009,OMN,3,20469892,Oman,2009,4,5,3,6,6,24
OMN_2010,OMN,4,19469892,Oman,2010,5,6,3,7,6,27
OMN_2011,OMN,3,20469892,Oman,2011,5,6,4,6,6,27
OMN_2012,OMN,7,96000000,Oman,2012,6,7,4,7,7,31
PAK_2005,PAK,2,6301047,Pakistan,2005,1,2,1,4,1,9
PAK_2006,PAK,3,5301047,Pakistan,2006,2,2,1,3,1,9
PAK_2007,PAK,4,6301047,Pakistan,2007,2,3,1,4,1,11
PAK_2008,PAK,5,7301047,Pakistan,2008,2,4,1,3,1,11
PAK_2009,PAK,6,8301047,Pakistan,2009,2,5,2,4,1,14
PAK_2010,PAK,5,7301047,Pakistan,2010,2,5,3,5,1,16
PAK_2011,PAK,6,8301047,Pakistan,2011,3,6,3,4,1,17
PAK_2012,PAK,4,21469892,Pakistan,2012,3,6,3,3,1,16
PAN_2005,PAN,4,8007231,Panama,2005,2,2,2,4,1,11
PAN_2006,PAN,3,7007231,Panama,2006,2,2,3,5,1,13
PAN_2007,PAN,2,6007231,Panama,2007,2,2,4,6,2,16
PAN_2008,PAN,3,5007231,Panama,2008,3,3,4,5,3,18
PAN_2009,PAN,4,6007231,Panama,2009,4,4,4,6,3,21
PAN_2010,PAN,3,5007231,Panama,2010,4,4,5,7,3,23
PAN_2011,PAN,4,6007231,Panama,2011,4,4,5,8,3,24
PAN_2012,PAN,7,7301047,Panama,2012,4,4,5,9,4,26
PNG_2005,PNG,4,5000000,Papua New Guinea,2005,1,2,1,4,1,9
PNG_2006,PNG,3,4000000,Papua New Guinea,2006,1,3,2,3,2,11
PNG_2007,PNG,4,3000000,Papua New Guinea,2007,2,3,2,2,3,12
PNG_2008,PNG,3,2000000,Papua New Guinea,2008,2,4,2,3,3,14
PNG_2009,PNG,2,1000000,Papua New Guinea,2009,2,4,3,2,3,14
PNG_2010,PNG,1,2000000,Papua New Guinea,2010,2,5,3,1,4,15
PNG_2011,PNG,1,3000000,Papua New Guinea,2011,3,6,4,2,4,19
PNG_2012,PNG,8,64381323,Papua New Guinea,2012,4,7,4,3,5,23
PRY_2005,PRY,5,56010771,Paraguay,2005,1,3,2,4,1,11
PRY_2006,PRY,6,55010771,Paraguay,2006,2,3,3,5,1,14
PRY_2007,PRY,7,54010771,Paraguay,2007,3,4,3,6,2,18
PRY_2008,PRY,8,53010771,Paraguay,2008,4,4,3,7,3,21
PRY_2009,PRY,7,52010771,Paraguay,2009,5,4,3,6,3,21
PRY_2010,PRY,8,51010771,Paraguay,2010,6,5,4,5,3,23
PRY_2011,PRY,9,50010771,Paraguay,2011,6,5,5,6,3,25
PRY_2012,PRY,4,39868751,Paraguay,2012,6,5,6,5,3,25
PER_2005,PER,4,7807950,Peru,2005,2,3,2,4,1,12
PER_2006,PER,5,8807950,Peru,2006,3,4,3,3,1,14
PER_2007,PER,6,9807950,Peru,2007,3,4,4,2,1,14
PER_2008,PER,7,10807950,Peru,2008,3,4,5,3,1,16
PER_2009,PER,8,11807950,Peru,2009,3,4,5,4,1,17
PER_2010,PER,9,12807950,Peru,2010,4,5,6,3,2,20
PER_2011,PER,8,11807950,Peru,2011,5,5,6,4,2,22
PER_2012,PER,5,7007231,Peru,2012,6,5,6,5,3,25
PHL_2005,PHL,7,65381323,Philippines,2005,2,3,1,4,2,12
PHL_2006,PHL,8,64381323,Philippines,2006,2,3,1,5,2,13
PHL_2007,PHL,9,65381323,Philippines,2007,2,4,1,4,3,14
PHL_2008,PHL,9,66381323,Philippines,2008,3,5,2,3,4,17
PHL_2009,PHL,9,67381323,Philippines,2009,3,5,2,2,5,17
PHL_2010,PHL,8,66381323,Philippines,2010,3,6,2,3,6,20
PHL_2011,PHL,7,65381323,Philippines,2011,3,6,2,4,7,22
PHL_2012,PHL,9,12807950,Philippines,2012,4,7,3,5,7,26
POL_2005,POL,7,12895834,Poland,2005,2,3,2,4,2,13
POL_2006,POL,8,11895834,Poland,2006,3,3,2,5,3,16
POL_2007,POL,9,12895834,Poland,2007,4,4,2,6,4,20
POL_2008,POL,9,11895834,Poland,2008,4,5,3,5,4,21
POL_2009,POL,8,12895834,Poland,2009,5,6,3,4,5,23
POL_2010,POL,9,13895834,Poland,2010,6,7,4,5,5,27
POL_2011,POL,9,12895834,Poland,2011,6,7,4,4,5,26
POL_2012,POL,1,4000000,Poland,2012,7,7,4,3,6,27
PRT_2005,PRT,5,44868751,Portugal,2005,2,3,1,4,1,11
PRT_2006,PRT,4,43868751,Portugal,2006,3,4,2,5,2,16
PRT_2007,PRT,3,42868751,Portugal,2007,4,4,2,6,3,19
PRT_2008,PRT,2,41868751,Portugal,2008,4,5,3,5,4,21
PRT_2009,PRT,3,40868751,Portugal,2009,4,5,3,4,4,20
PRT_2010,PRT,2,39868751,Portugal,2010,4,6,4,5,4,23
PRT_2011,PRT,3,40868751,Portugal,2011,4,7,5,4,4,24
PRT_2012,PRT,1,37447025,Portugal,2012,5,7,5,3,4,24
PRI_2005,PRI,2,53835197,Puerto Rico,2005,1,3,1,4,1,10
PRI_2006,PRI,1,52835197,Puerto Rico,2006,2,3,1,5,2,13
PRI_2007,PRI,1,53835197,Puerto Rico,2007,2,4,2,6,3,17
PRI_2008,PRI,2,54835197,Puerto Rico,2008,2,4,2,7,3,18
PRI_2009,PRI,1,53835197,Puerto Rico,2009,3,5,2,8,3,21
PRI_2010,PRI,2,52835197,Puerto Rico,2010,4,5,3,9,3,24
PRI_2011,PRI,1,53835197,Puerto Rico,2011,4,5,4,8,3,24
PRI_2012,PRI,9,13895834,Puerto Rico,2012,4,6,4,9,4,27
QAT_2005,QAT,8,33709763,Qatar,2005,1,2,2,4,1,10
QAT_2006,QAT,7,32709763,Qatar,2006,2,3,3,5,1,14
QAT_2007,QAT,6,33709763,Qatar,2007,2,3,3,4,2,14
QAT_2008,QAT,5,34709763,Qatar,2008,2,4,4,3,3,16
QAT_2009,QAT,4,33709763,Qatar,2009,2,4,4,2,4,16
QAT_2010,QAT,5,32709763,Qatar,2010,2,5,5,1,5,18
QAT_2011,QAT,4,31709763,Qatar,2011,2,6,5,1,6,20
QAT_2012,QAT,9,51010771,Qatar,2012,3,6,6,2,7,24
SRB_2005,SRB,4,84997807,Republic of Serbia,2005,1,3,2,4,2,12
SRB_2006,SRB,5,85997807,Republic of Serbia,2006,1,3,2,3,3,12
SRB_2007,SRB,6,86997807,Republic of Serbia,2007,2,4,3,4,4,17
SRB_2008,SRB,7,85997807,Republic of Serbia,2008,2,5,3,5,5,20
SRB_2009,SRB,8,84997807,Republic of Serbia,2009,3,5,4,6,6,24
SRB_2010,SRB,9,83997807,Republic of Serbia,2010,3,5,4,5,7,24
SRB_2011,SRB,9,82997807,Republic of Serbia,2011,4,5,4,6,8,27
SRB_2012,SRB,9,19309624,Republic of Serbia,2012,5,5,5,5,9,29
COG_2005,COG,2,20506571,Republic of the Congo,2005,2,2,2,4,1,11
COG_2006,COG,3,21506571,Republic of the Congo,2006,2,2,2,5,2,13
COG_2007,COG,2,20506571,Republic of the Congo,2007,3,2,3,6,2,16
COG_2008,COG,3,21506571,Republic of the Congo,2008,4,2,4,7,3,20
COG_2009,COG,4,22506571,Republic of the Congo,2009,4,2,5,6,3,20
COG_2010,COG,5,23506571,Republic of the Congo,2010,5,2,5,5,4,21
COG_2011,COG,6,22506571,Republic of the Congo,2011,5,2,5,4,4,20
COG_2012,COG,1,74752619,Republic of the Congo,2012,5,3,5,3,4,20
ROU_2005,ROU,8,17628231,Romania,2005,1,2,2,4,2,11
ROU_2006,ROU,9,18628231,Romania,2006,2,3,2,3,3,13
ROU_2007,ROU,9,17628231,Romania,2007,3,4,3,4,3,17
ROU_2008,ROU,9,18628231,Romania,2008,4,4,3,5,4,20
ROU_2009,ROU,9,19628231,Romania,2009,4,4,3,4,5,20
ROU_2010,ROU,8,20628231,Romania,2010,5,5,3,3,5,21
ROU_2011,ROU,9,19628231,Romania,2011,5,6,3,4,5,23
ROU_2012,ROU,5,32709763,Romania,2012,5,7,4,5,6,27
RUS_2005,RUS,6,98000000,Russia,2005,1,2,1,4,2,10
RUS_2006,RUS,5,97000000,Russia,2006,2,3,2,3,2,12
RUS_2007,RUS,6,98000000,Russia,2007,3,3,3,2,2,13
RUS_2008,RUS,5,99000000,Russia,2008,3,4,4,1,2,14
RUS_2009,RUS,4,100000000,Russia,2009,4,5,4,2,3,18
RUS_2010,RUS,3,99000000,Russia,2010,4,5,4,3,4,20
RUS_2011,RUS,4,98000000,Russia,2011,4,6,4,4,4,22
RUS_2012,RUS,8,18628231,Russia,2012,4,7,4,5,5,25
RWA_2005,RWA,6,28486578,Rwanda,2005,2,2,2,4,2,12
RWA_2006,RWA,7,27486578,Rwanda,2006,3,2,2,5,3,15
RWA_2007,RWA,6,28486578,Rwanda,2007,4,3,3,4,4,18
RWA_2008,RWA,5,27486578,Rwanda,2008,4,4,3,3,5,19
RWA_2009,RWA,6,26486578,Rwanda,2009,4,5,3,2,5,19
RWA_2010,RWA,5,27486578,Rwanda,2010,5,5,4,1,5,20
RWA_2011,RWA,4,28486578,Rwanda,2011,5,6,5,2,6,24
RWA_2012,RWA,3,99000000,Rwanda,2012,6,7,5,3,6,27
SAU_2005,SAU,2,42500659,Saudi Arabia,2005,1,3,1,4,2,11
SAU_2006,SAU,3,43500659,Saudi Arabia,2006,2,3,2,5,2,14
SAU_2007,SAU,4,42500659,Saudi Arabia,2007,2,3,2,4,2,13
SAU_2008,SAU,5,41500659,Saudi Arabia,2008,2,3,2,5,2,14
SAU_2009,SAU,6,42500659,Saudi Arabia,2009,3,3,3,4,2,15
SAU_2010,SAU,5,43500659,Saudi Arabia,2010,4,4,3,3,3,17
SAU_2011,SAU,4,42500659,Saudi Arabia,2011,4,5,4,4,4,21
SAU_2012,SAU,2,75430398,Saudi Arabia,2012,5,6,4,5,4,24
SEN_2005,SEN,9,41266752,Senegal,2005,1,2,1,4,1,9
SEN_2006,SEN,9,42266752,Senegal,2006,2,3,1,3,1,10
SEN_2007,SEN,9,41266752,Senegal,2007,3,4,1,2,1,11
SEN_2008,SEN,8,42266752,Senegal,2008,4,4,1,1,1,11
SEN_2009,SEN,7,43266752,Senegal,2009,5,5,1,1,2,14
SEN_2010,SEN,8,42266752,Senegal,2010,5,6,2,2,2,17
SEN_2011,SEN,9,43266752,Senegal,2011,6,6,3,1,3,19
SEN_2012,SEN,5,57635027,Senegal,2012,6,7,3,1,4,21
SLE_2005,SLE,2,48598303,Sierra Leone,2005,2,3,2,4,2,13
SLE_2006,SLE,3,47598303,Sierra Leone,2006,3,4,2,5,2,16
SLE_2007,SLE,2,46598303,Sierra Leone,2007,4,4,3,6,2,19
SLE_2008,SLE,3,47598303,Sierra Leone,2008,5,4,3,5,3,20
SLE_2009,SLE,2,46598303,Sierra Leone,2009,5,5,4,4,3,21
SLE_2010,SLE,3,45598303,Sierra Leone,2010,5,5,4,5,4,23
SLE_2011,SLE,2,46598303,Sierra Leone,2011,5,5,5,6,4,25
SLE_2012,SLE,1,7909864,Sierra Leone,2012,5,6,6,7,5,29
SVK_2005,SVK,1,97000000,Slovakia,2005,1,3,1,4,2,11
SVK_2006,SVK,1,98000000,Slovakia,2006,1,4,1,5,2,13
SVK_2007,SVK,2,99000000,Slovakia,2007,1,4,1,4,3,13
SVK_2008,SVK,3,98000000,Slovakia,2008,2,5,2,3,3,15
SVK_2009,SVK,4,97000000,Slovakia,2009,3,5,2,4,3,17
SVK_2010,SVK,3,96000000,Slovakia,2010,4,5,2,5,4,20
SVK_2011,SVK,4,97000000,Slovakia,2011,5,5,3,6,5,24
SVK_2012,SVK,4,61122536,Slovakia,2012,6,5,4,5,5,25
SVN_2005,SVN,8,19149649,Slovenia,2005,1,3,1,4,2,11
SVN_2006,SVN,9,20149649,Slovenia,2006,2,4,1,3,3,13
SVN_2007,SVN,9,19149649,Slovenia,2007,3,4,1,4,3,15
SVN_2008,SVN,8,18149649,Slovenia,2008,3,5,1,5,4,18
SVN_2009,SVN,7,19149649,Slovenia,2009,3,5,2,6,5,21
SVN_2010,SVN,8,18149649,Slovenia,2010,3,5,2,7,5,22
SVN_2011,SVN,7,19149649,Slovenia,2011,3,6,2,8,5,24
SVN_2012,SVN,3,98000000,Slovenia,2012,3,7,2,7,5,24
SLB_2005,SLB,4,6909864,Solomon Islands,2005,2,2,1,4,1,10
SLB_2006,SLB,5,7909864,Solomon Islands,2006,3,2,2,5,2,14
SLB_2007,SLB,4,8909864,Solomon Islands,2007,3,2,2,6,3,16
SLB_2008,SLB,5,9909864,Solomon Islands,2008,3,2,3,5,3,16
SLB_2009,SLB,4,8909864,Solomon Islands,2009,3,2,4,4,4,17
SLB_2010,SLB,3,9909864,Solomon Islands,2010,3,3,4,5,4,19
SLB_2011,SLB,2,8909864,Solomon Islands,2011,4,3,4,4,5,20
SLB_2012,SLB,9,44266752,Solomon Islands,2012,5,4,5,5,5,24
SOM_2005,SOM,4,16309624,Somalia,2005,1,3,1,4,2,11
SOM_2006,SOM,5,17309624,Somalia,2006,2,3,2,3,2,12
SOM_2007,SOM,4,16309624,Somalia,2007,3,3,3,2,3,14
SOM_2008,SOM,5,17309624,Somalia,2008,3,4,3,3,4,17
SOM_2009,SOM,6,16309624,Somalia,2009,4,5,4,2,4,19
SOM_2010,SOM,7,17309624,Somalia,2010,5,5,5,1,5,21
SOM_2011,SOM,8,18309624,Somalia,2011,6,6,5,1,6,24
SOM_2012,SOM,8,30313850,Somalia,2012,7,6,6,2,7,28
SML_2005,SML,9,31313850,Somaliland,2005,2,2,2,4,2,12
SML_2006,SML,8,30313850,Somaliland,2006,3,3,3,5,2,16
SML_2007,SML,7,29313850,Somaliland,2007,4,3,3,6,3,19
SML_2008,SML,6,28313850,Somaliland,2008,5,3,4,5,4,21
SML_2009,SML,5,27313850,Somaliland,2009,6,3,4,6,5,24
SML_2010,SML,6,28313850,Somaliland,2010,7,4,5,7,5,28
SML_2011,SML,7,29313850,Somaliland,2011,7,4,5,6,6,28
SML_2012,SML,5,53893485,Somaliland,2012,7,4,6,7,7,31
ZAF_2005,ZAF,9,7031958,South Africa,2005,1,3,1,4,2,11
ZAF_2006,ZAF,9,6031958,South Africa,2006,1,4,2,3,2,12
ZAF_2007,ZAF,9,7031958,South Africa,2007,2,4,2,2,3,13
ZAF_2008,ZAF,8,6031958,South Africa,2008,2,5,3,3,4,17
ZAF_2009,ZAF,7,5031958,South Africa,2009,2,5,4,4,4,19
ZAF_2010,ZAF,8,4031958,South Africa,2010,3,6,4,5,5,23
ZAF_2011,ZAF,9,3031958,South Africa,2011,4,7,5,4,5,25
ZAF_2012,ZAF,6,64812879,South Africa,2012,5,7,5,5,6,28
KOR_2005,KOR,5,15694059,South Korea,2005,1,2,2,4,2,11
KOR_2006,KOR,6,14694059,South Korea,2006,2,2,3,3,2,12
KOR_2007,KOR,5,15694059,South Korea,2007,3,3,3,4,3,16
KOR_2008,KOR,6,16694059,South Korea,2008,4,3,4,5,3,19
KOR_2009,KOR,7,17694059,South Korea,2009,4,4,5,4,4,21
KOR_2010,KOR,6,16694059,South Korea,2010,5,4,5,3,5,22
KOR_2011,KOR,7,17694059,South Korea,2011,6,4,5,2,5,22
KOR_2012,KOR,4,11382883,South Korea,2012,7,5,6,3,5,26
SDS_2005,SDS,6,52635027,South Sudan,2005,1,2,1,4,2,10
SDS_2006,SDS,7,53635027,South Sudan,2006,2,3,2,5,3,15
SDS_2007,SDS,6,52635027,South Sudan,2007,3,4,3,4,3,17
SDS_2008,SDS,5,53635027,South Sudan,2008,4,5,4,5,3,21
SDS_2009,SDS,6,54635027,South Sudan,2009,5,6,4,6,4,25
SDS_2010,SDS,5,55635027,South Sudan,2010,5,6,4,5,5,25
SDS_2011,SDS,4,56635027,South Sudan,2011,5,6,4,6,5,26
SDS_2012,SDS,7,23672198,South Sudan,2012,5,7,5,7,6,30
ESP_2005,ESP,4,97528471,Spain,2005,1,3,2,4,1,11
ESP_2006,ESP,3,98528471,Spain,2006,1,4,2,3,2,12
ESP_2007,ESP,4,99528471,Spain,2007,1,5,2,2,2,12
ESP_2008,ESP,3,98528471,Spain,2008,1,5,2,1,3,12
ESP_2009,ESP,2,99528471,Spain,2009,1,5,3,2,4,15
ESP_2010,ESP,3,100000000,Spain,2010,1,5,4,1,4,15
ESP_2011,ESP,2,99000000,Spain,2011,2,5,4,1,4,16
ESP_2012,ESP,8,83968813,Spain,2012,2,5,4,1,4,16
LKA_2005,LKA,4,19110224,Sri Lanka,2005,2,2,1,4,1,10
LKA_2006,LKA,3,20110224,Sri Lanka,2006,3,3,2,3,1,12
LKA_2007,LKA,2,21110224,Sri Lanka,2007,4,4,2,2,1,13
LKA_2008,LKA,3,22110224,Sri Lanka,2008,5,5,2,1,2,15
LKA_2009,LKA,2,21110224,Sri Lanka,2009,5,5,3,2,3,18
LKA_2010,LKA,3,22110224,Sri Lanka,2010,5,5,4,3,3,20
LKA_2011,LKA,4,23110224,Sri Lanka,2011,6,5,4,4,3,22
LKA_2012,LKA,7,33133313,Sri Lanka,2012,7,6,5,5,4,27
SDN_2005,SDN,6,22672198,Sudan,2005,1,2,2,4,1,10
SDN_2006,SDN,7,21672198,Sudan,2006,2,2,2,3,1,10
SDN_2007,SDN,8,22672198,Sudan,2007,2,2,2,2,2,10
SDN_2008,SDN,9,21672198,Sudan,2008,3,3,2,1,2,11
SDN_2009,SDN,8,22672198,Sudan,2009,4,3,3,2,3,15
SDN_2010,SDN,7,23672198,Sudan,2010,4,4,4,3,3,18
SDN_2011,SDN,6,24672198,Sudan,2011,5,4,5,4,3,21
SDN_2012,SDN,5,41500659,Sudan,2012,5,4,5,5,3,22
SUR_2005,SUR,3,58122536,Suriname,2005,1,2,2,4,2,11
SUR_2006,SUR,4,59122536,Suriname,2006,2,2,2,3,2,11
SUR_2007,SUR,5,60122536,Suriname,2007,2,2,3,2,3,12
SUR_2008,SUR,4,61122536,Suriname,2008,3,2,3,3,4,15
SUR_2009,SUR,3,62122536,Suriname,2009,4,2,4,4,5,19
SUR_2010,SUR,2,61122536,Suriname,2010,4,3,5,5,5,22
SUR_2011,SUR,3,62122536,Suriname,2011,4,3,5,6,5,23
SUR_2012,SUR,9,83997807,Suriname,2012,4,3,6,7,5,25
SWZ_2005,SWZ,7,91121055,Swaziland,2005,1,2,1,4,2,10
SWZ_2006,SWZ,8,92121055,Swaziland,2006,2,3,2,3,2,12
SWZ_2007,SWZ,7,91121055,Swaziland,2007,2,3,2,2,2,11
SWZ_2008,SWZ,8,92121055,Swaziland,2008,2,4,2,3,2,13
SWZ_2009,SWZ,7,93121055,Swaziland,2009,3,4,3,2,2,14
SWZ_2010,SWZ,6,94121055,Swaziland,2010,4,4,3,1,2,14
SWZ_2011,SWZ,7,95121055,Swaziland,2011,5,4,4,1,2,16
SWZ_2012,SWZ,7,75352057,Swaziland,2012,6,5,5,1,2,19
SWE_2005,SWE,2,72352057,Sweden,2005,1,2,1,4,1,9
SWE_2006,SWE,3,73352057,Sweden,2006,2,2,2,3,2,11
SWE_2007,SWE,4,72352057,Sweden,2007,2,3,2,2,3,12
SWE_2008,SWE,5,73352057,Sweden,2008,3,4,3,1,3,14
SWE_2009,SWE,6,74352057,Sweden,2009,3,5,3,1,3,15
SWE_2010,SWE,5,73352057,Sweden,2010,4,5,4,2,4,19
SWE_2011,SWE,6,74352057,Sweden,2011,4,5,5,3,5,22
SWE_2012,SWE,6,20149649,Sweden,2012,4,5,5,4,6,24
CHE_2005,CHE,9,19302498,Switzerland,2005,2,2,2,4,2,12
CHE_2006,CHE,8,20302498,Switzerland,2006,2,2,2,5,2,13
CHE_2007,CHE,7,21302498,Switzerland,2007,3,2,3,4,3,15
CHE_2008,CHE,8,22302498,Switzerland,2008,3,2,3,5,3,16
CHE_2009,CHE,9,21302498,Switzerland,2009,3,2,4,6,4,19
CHE_2010,CHE,9,22302498,Switzerland,2010,4,2,4,7,4,21
CHE_2011,CHE,8,21302498,Switzerland,2011,4,2,4,6,5,21
CHE_2012,CHE,6,60813518,Switzerland,2012,4,3,5,7,5,24
SYR_2005,SYR,9,74686422,Syria,2005,1,3,1,4,2,11
SYR_2006,SYR,9,75686422,Syria,2006,2,3,2,3,3,13
SYR_2007,SYR,9,76686422,Syria,2007,3,3,3,4,4,17
SYR_2008,SYR,9,77686422,Syria,2008,3,4,4,3,5,19
SYR_2009,SYR,9,78686422,Syria,2009,4,5,4,4,5,22
SYR_2010,SYR,8,79686422,Syria,2010,4,5,5,5,6,25
SYR_2011,SYR,7,78686422,Syria,2011,4,5,6,6,7,28
SYR_2012,SYR,6,94121055,Syria,2012,4,5,7,7,7,30
TWN_2005,TWN,4,95631924,Taiwan,2005,1,2,2,4,2,11
TWN_2006,TWN,3,96631924,Taiwan,2006,2,2,2,3,3,12
TWN_2007,TWN,2,95631924,Taiwan,2007,2,2,2,4,3,13
TWN_2008,TWN,1,94631924,Taiwan,2008,3,3,3,3,4,16
TWN_2009,TWN,2,93631924,Taiwan,2009,3,3,4,2,5,17
TWN_2010,TWN,3,92631924,Taiwan,2010,4,3,4,3,6,20
TWN_2011,TWN,4,91631924,Taiwan,2011,5,3,5,4,6,23
TWN_2012,TWN,9,54644233,Taiwan,2012,5,4,5,3,6,23
TJK_2005,TJK,9,50414876,Tajikistan,2005,2,2,2,4,2,12
TJK_2006,TJK,8,49414876,Tajikistan,2006,3,2,2,3,2,12
TJK_2007,TJK,9,48414876,Tajikistan,2007,3,2,3,4,3,15
TJK_2008,TJK,8,49414876,Tajikistan,2008,3,3,3,5,3,17
TJK_2009,TJK,7,50414876,Tajikistan,2009,4,4,4,4,3,19
TJK_2010,TJK,8,51414876,Tajikistan,2010,5,4,4,5,4,22
TJK_2011,TJK,9,50414876,Tajikistan,2011,6,5,5,4,5,25
TJK_2012,TJK,9,73376739,Tajikistan,2012,6,5,5,5,5,26
THA_2005,THA,8,70376739,Thailand,2005,2,2,2,4,1,11
THA_2006,THA,7,71376739,Thailand,2006,2,2,3,5,1,13
THA_2007,THA,8,72376739,Thailand,2007,2,3,3,4,2,14
THA_2008,THA,7,71376739,Thailand,2008,3,3,4,3,2,15
THA_2009,THA,8,72376739,Thailand,2009,3,3,5,2,3,16
THA_2010,THA,9,71376739,Thailand,2010,3,3,5,1,3,15
THA_2011,THA,8,72376739,Thailand,2011,3,4,6,2,4,19
THA_2012,THA,5,34529460,Thailand,2012,4,5,6,1,4,20
BHS_2005,BHS,1,86863775,The Bahamas,2005,1,2,2,4,2,11
BHS_2006,BHS,2,87863775,The Bahamas,2006,2,2,3,5,3,15
BHS_2007,BHS,1,86863775,The Bahamas,2007,2,3,3,6,3,17
BHS_2008,BHS,1,87863775,The Bahamas,2008,3,4,4,5,3,19
BHS_2009,BHS,2,88863775,The Bahamas,2009,3,5,5,6,4,23
BHS_2010,BHS,3,89863775,The Bahamas,2010,3,6,5,5,5,24
BHS_2011,BHS,2,90863775,The Bahamas,2011,4,6,6,6,5,27
BHS_2012,BHS,7,16207901,The Bahamas,2012,4,7,6,7,6,30
TGO_2005,TGO,4,37529460,Togo,2005,1,2,2,4,1,10
TGO_2006,TGO,5,36529460,Togo,2006,1,2,3,5,2,13
TGO_2007,TGO,6,35529460,Togo,2007,2,2,3,4,3,14
TGO_2008,TGO,7,34529460,Togo,2008,3,3,3,5,4,18
TGO_2009,TGO,8,35529460,Togo,2009,4,3,3,6,5,21
TGO_2010,TGO,7,34529460,Togo,2010,5,4,3,5,5,22
TGO_2011,TGO,6,35529460,Togo,2011,5,5,4,4,5,23
TGO_2012,TGO,5,48617486,Togo,2012,5,5,4,3,6,23
TTO_2005,TTO,8,61086367,Trinidad and Tobago,2005,2,2,2,4,1,11
TTO_2006,TTO,9,62086367,Trinidad and Tobago,2006,3,2,3,3,1,12
TTO_2007,TTO,8,63086367,Trinidad and Tobago,2007,4,2,4,4,2,16
TTO_2008,TTO,9,64086367,Trinidad and Tobago,2008,4,3,5,5,2,19
TTO_2009,TTO,8,65086367,Trinidad and Tobago,2009,5,4,6,4,3,22
TTO_2010,TTO,9,64086367,Trinidad and Tobago,2010,5,4,6,3,3,21
TTO_2011,TTO,9,65086367,Trinidad and Tobago,2011,5,4,7,4,3,23
TTO_2012,TTO,5,25690149,Trinidad and Tobago,2012,5,4,8,5,3,25
TUN_2005,TUN,4,86550054,Tunisia,2005,1,2,2,4,1,10
TUN_2006,TUN,3,87550054,Tunisia,2006,2,3,2,3,1,11
TUN_2007,TUN,4,88550054,Tunisia,2007,2,3,2,2,2,11
TUN_2008,TUN,5,87550054,Tunisia,2008,2,3,2,3,3,13
TUN_2009,TUN,4,88550054,Tunisia,2009,3,4,2,2,4,15
TUN_2010,TUN,5,87550054,Tunisia,2010,3,4,2,3,4,16
TUN_2011,TUN,4,88550054,Tunisia,2011,4,4,3,2,5,18
TUN_2012,TUN,8,66086367,Tunisia,2012,5,5,4,1,5,20
TUR_2005,TUR,9,53644233,Turkey,2005,2,2,1,4,1,10
TUR_2006,TUR,9,54644233,Turkey,2006,3,2,1,3,1,10
TUR_2007,TUR,8,53644233,Turkey,2007,4,3,2,4,1,14
TUR_2008,TUR,9,54644233,Turkey,2008,5,4,3,3,2,17
TUR_2009,TUR,9,55644233,Turkey,2009,5,5,3,2,3,18
TUR_2010,TUR,9,54644233,Turkey,2010,6,6,3,3,4,22
TUR_2011,TUR,8,55644233,Turkey,2011,6,6,4,2,5,23
TUR_2012,TUR,5,87550054,Turkey,2012,7,7,4,1,6,25
TKM_2005,TKM,8,66609655,Turkmenistan,2005,1,2,1,4,2,10
TKM_2006,TKM,7,65609655,Turkmenistan,2006,1,2,2,5,2,12
TKM_2007,TKM,6,66609655,Turkmenistan,2007,1,3,3,4,3,14
TKM_2008,TKM,7,67609655,Turkmenistan,2008,2,4,3,3,4,16
TKM_2009,TKM,6,68609655,Turkmenistan,2009,2,5,3,2,4,16
TKM_2010,TKM,7,67609655,Turkmenistan,2010,2,6,4,3,5,20
TKM_2011,TKM,8,66609655,Turkmenistan,2011,2,7,4,2,5,20
TKM_2012,TKM,8,49414876,Turkmenistan,2012,3,8,5,1,5,22
UGA_2005,UGA,8,10754996,Uganda,2005,1,2,1,4,1,9
UGA_2006,UGA,9,9754996,Uganda,2006,2,3,2,3,1,11
UGA_2007,UGA,8,10754996,Uganda,2007,3,4,2,2,2,13
UGA_2008,UGA,9,11754996,Uganda,2008,4,4,2,1,2,13
UGA_2009,UGA,8,10754996,Uganda,2009,5,4,3,2,3,17
UGA_2010,UGA,9,9754996,Uganda,2010,6,4,4,3,4,21
UGA_2011,UGA,9,8754996,Uganda,2011,7,5,4,2,4,22
UGA_2012,UGA,1,93072689,Uganda,2012,8,6,4,1,4,23
UKR_2005,UKR,8,64926102,Ukraine,2005,1,3,2,4,1,11
UKR_2006,UKR,7,63926102,Ukraine,2006,2,3,3,3,1,12
UKR_2007,UKR,6,62926102,Ukraine,2007,2,3,4,4,1,14
UKR_2008,UKR,7,63926102,Ukraine,2008,3,3,4,3,2,15
UKR_2009,UKR,6,62926102,Ukraine,2009,4,3,5,4,3,19
UKR_2010,UKR,5,63926102,Ukraine,2010,5,4,5,5,3,22
UKR_2011,UKR,6,62926102,Ukraine,2011,5,5,5,4,3,22
UKR_2012,UKR,8,9754996,Ukraine,2012,6,6,5,5,3,25
ARE_2005,ARE,8,52122830,United Arab Emirates,2005,1,3,1,4,2,11
ARE_2006,ARE,9,53122830,United Arab Emirates,2006,1,4,2,5,3,15
ARE_2007,ARE,9,52122830,United Arab Emirates,2007,2,5,2,4,3,16
ARE_2008,ARE,8,51122830,United Arab Emirates,2008,3,6,2,5,4,20
ARE_2009,ARE,9,52122830,United Arab Emirates,2009,3,7,2,6,4,22
ARE_2010,ARE,9,53122830,United Arab Emirates,2010,3,8,2,7,5,25
ARE_2011,ARE,9,52122830,United Arab Emirates,2011,3,9,2,6,6,26
ARE_2012,ARE,7,19212523,United Arab Emirates,2012,3,9,2,7,6,27
GBR_2005,GBR,8,91786679,United Kingdom,2005,1,2,2,4,1,10
GBR_2006,GBR,9,92786679,United Kingdom,2006,1,2,2,3,2,10
GBR_2007,GBR,9,93786679,United Kingdom,2007,1,3,3,4,2,13
GBR_2008,GBR,8,94786679,United Kingdom,2008,1,4,4,5,3,17
GBR_2009,GBR,9,95786679,United Kingdom,2009,1,5,5,6,3,20
GBR_2010,GBR,8,96786679,United Kingdom,2010,2,6,5,7,4,24
GBR_2011,GBR,9,95786679,United Kingdom,2011,2,7,5,6,5,25
GBR_2012,GBR,2,4155284,United Kingdom,2012,2,8,6,5,5,26
TZA_2005,TZA,3,94072689,United Republic of Tanzania,2005,2,3,2,4,1,12
TZA_2006,TZA,2,93072689,United Republic of Tanzania,2006,2,4,2,5,2,15
TZA_2007,TZA,1,92072689,United Republic of Tanzania,2007,2,4,2,6,2,16
TZA_2008,TZA,1,93072689,United Republic of Tanzania,2008,3,5,2,5,2,17
TZA_2009,TZA,2,94072689,United Republic of Tanzania,2009,3,6,3,4,3,19
TZA_2010,TZA,1,93072689,United Republic of Tanzania,2010,3,6,4,5,3,21
TZA_2011,TZA,1,94072689,United Republic of Tanzania,2011,3,7,5,6,4,25
TZA_2012,TZA,5,90631924,United Republic of Tanzania,2012,3,7,6,5,5,26
USA_2005,USA,4,94328961,United States of America,2005,1,2,2,4,1,10
USA_2006,USA,3,95328961,United States of America,2006,1,2,2,3,2,10
USA_2007,USA,2,96328961,United States of America,2007,2,3,2,4,3,14
USA_2008,USA,3,95328961,United States of America,2008,2,3,3,5,3,16
USA_2009,USA,4,96328961,United States of America,2009,2,3,4,4,3,16
USA_2010,USA,5,97328961,United States of America,2010,2,4,5,3,3,17
USA_2011,USA,6,96328961,United States of America,2011,3,4,5,2,3,17
USA_2012,USA,3,73289572,United States of America,2012,4,5,5,3,3,20
URY_2005,URY,4,72289572,Uruguay,2005,1,3,2,4,2,12
URY_2006,URY,3,71289572,Uruguay,2006,2,3,2,3,3,13
URY_2007,URY,4,72289572,Uruguay,2007,3,3,2,4,3,15
URY_2008,URY,3,73289572,Uruguay,2008,3,3,3,5,4,18
URY_2009,URY,2,74289572,Uruguay,2009,4,4,3,6,5,22
URY_2010,URY,1,73289572,Uruguay,2010,4,4,4,7,5,24
URY_2011,URY,2,72289572,Uruguay,2011,5,4,4,6,6,25
URY_2012,URY,7,61926102,Uruguay,2012,6,4,4,7,7,28
UZB_2005,UZB,8,81676911,Uzbekistan,2005,1,2,2,4,2,11
UZB_2006,UZB,9,82676911,Uzbekistan,2006,1,3,2,3,3,12
UZB_2007,UZB,9,81676911,Uzbekistan,2007,1,3,2,4,4,14
UZB_2008,UZB,9,82676911,Uzbekistan,2008,1,3,3,5,5,17
UZB_2009,UZB,9,81676911,Uzbekistan,2009,2,4,4,6,6,22
UZB_2010,UZB,9,82676911,Uzbekistan,2010,3,5,4,7,6,25
UZB_2011,UZB,9,81676911,Uzbekistan,2011,3,6,5,6,7,27
UZB_2012,UZB,5,97328961,Uzbekistan,2012,3,7,5,7,7,29
VUT_2005,VUT,9,90801244,Vanuatu,2005,1,2,1,4,1,9
VUT_2006,VUT,8,89801244,Vanuatu,2006,2,2,2,5,1,12
VUT_2007,VUT,7,88801244,Vanuatu,2007,3,3,3,4,2,15
VUT_2008,VUT,8,89801244,Vanuatu,2008,3,3,3,5,3,17
VUT_2009,VUT,9,88801244,Vanuatu,2009,3,4,4,4,3,18
VUT_2010,VUT,9,89801244,Vanuatu,2010,3,4,5,3,4,19
VUT_2011,VUT,9,90801244,Vanuatu,2011,3,5,5,2,4,19
VUT_2012,VUT,6,13453820,Vanuatu,2012,3,5,5,3,4,20
VEN_2005,VEN,5,77224495,Venezuela,2005,2,3,1,4,1,11
VEN_2006,VEN,6,78224495,Venezuela,2006,2,4,2,3,2,13
VEN_2007,VEN,7,79224495,Venezuela,2007,2,5,2,2,3,14
VEN_2008,VEN,8,78224495,Venezuela,2008,3,5,3,1,3,15
VEN_2009,VEN,7,79224495,Venezuela,2009,4,6,4,2,3,19
VEN_2010,VEN,8,78224495,Venezuela,2010,5,6,4,3,3,21
VEN_2011,VEN,7,79224495,Venezuela,2011,6,7,4,2,3,22
VEN_2012,VEN,8,82676911,Venezuela,2012,7,7,5,3,4,26
VNM_2005,VNM,7,16453820,Vietnam,2005,2,2,1,4,2,11
VNM_2006,VNM,6,15453820,Vietnam,2006,3,3,2,5,3,16
VNM_2007,VNM,5,14453820,Vietnam,2007,4,4,2,6,3,19
VNM_2008,VNM,6,15453820,Vietnam,2008,4,5,3,5,4,21
VNM_2009,VNM,7,14453820,Vietnam,2009,5,5,4,4,4,22
VNM_2010,VNM,8,13453820,Vietnam,2010,5,5,5,3,5,23
VNM_2011,VNM,7,14453820,Vietnam,2011,6,5,6,4,6,27
VNM_2012,VNM,8,78224495,Vietnam,2012,6,6,6,5,7,30
PSE_2005,PSE,5,47526989,West Bank,2005,1,2,2,4,1,10
PSE_2006,PSE,4,48526989,West Bank,2006,2,3,3,3,1,12
PSE_2007,PSE,5,49526989,West Bank,2007,2,3,4,4,2,15
PSE_2008,PSE,6,48526989,West Bank,2008,3,3,4,3,2,15
PSE_2009,PSE,5,47526989,West Bank,2009,3,3,4,4,3,17
PSE_2010,PSE,4,46526989,West Bank,2010,4,4,5,3,4,20
PSE_2011,PSE,5,45526989,West Bank,2011,4,4,6,4,5,23
PSE_2012,PSE,9,91801244,West Bank,2012,4,5,6,5,6,26
WSA_2005,WSA,2,78430398,Western Sahara,2005,1,3,2,4,2,12
WSA_2006,WSA,1,79430398,Western Sahara,2006,1,4,2,5,3,15
WSA_2007,WSA,1,78430398,Western Sahara,2007,1,5,3,4,3,16
WSA_2008,WSA,2,77430398,Western Sahara,2008,1,6,3,3,4,17
WSA_2009,WSA,3,76430398,Western Sahara,2009,1,6,4,4,4,19
WSA_2010,WSA,2,75430398,Western Sahara,2010,2,6,4,3,4,19
WSA_2011,WSA,1,76430398,Western Sahara,2011,2,6,5,2,5,20
WSA_2012,WSA,3,27486578,Western Sahara,2012,2,7,5,1,5,20
YEM_2005,YEM,1,65812879,Yemen,2005,2,2,1,4,1,10
YEM_2006,YEM,2,64812879,Yemen,2006,2,3,1,5,1,12
YEM_2007,YEM,1,65812879,Yemen,2007,3,4,1,6,1,15
YEM_2008,YEM,2,64812879,Yemen,2008,4,5,2,5,1,17
YEM_2009,YEM,3,63812879,Yemen,2009,4,6,3,6,1,20
YEM_2010,YEM,4,62812879,Yemen,2010,4,7,4,5,1,21
YEM_2011,YEM,5,63812879,Yemen,2011,5,7,5,6,1,24
YEM_2012,YEM,6,44526989,Yemen,2012,6,8,5,5,2,26
ZMB_2005,ZMB,9,11452504,Zambia,2005,1,2,2,4,1,10
ZMB_2006,ZMB,8,10452504,Zambia,2006,1,3,2,5,1,12
ZMB_2007,ZMB,7,11452504,Zambia,2007,2,3,2,4,1,12
ZMB_2008,ZMB,6,12452504,Zambia,2008,3,4,2,5,1,15
ZMB_2009,ZMB,7,11452504,Zambia,2009,3,4,2,6,2,17
ZMB_2010,ZMB,6,12452504,Zambia,2010,3,4,2,5,3,17
ZMB_2011,ZMB,7,11452504,Zambia,2011,4,4,2,6,3,19
ZMB_2012,ZMB,8,2031958,Zambia,2012,4,4,3,7,4,22
ZWE_2005,ZWE,4,6687769,Zimbabwe,2005,1,2,2,4,2,11
ZWE_2006,ZWE,3,5687769,Zimbabwe,2006,1,2,2,5,2,12
ZWE_2007,ZWE,2,4687769,Zimbabwe,2007,1,2,3,6,3,15
ZWE_2008,ZWE,3,3687769,Zimbabwe,2008,2,2,4,7,3,18
ZWE_2009,ZWE,2,4687769,Zimbabwe,2009,3,3,4,8,4,22
ZWE_2010,ZWE,1,3687769,Zimbabwe,2010,4,4,4,7,4,23
ZWE_2011,ZWE,2,2687769,Zimbabwe,2011,4,5,5,6,5,25
ZWE_2012,ZWE,6,12452504,Zimbabwe,2012,5,6,6,5,6,28
